Cell	Percent_Mitochondrial	Clusters
AAACCCACAGCACAGA	5.85247349823322	1
AAACCCAGTATACGGG	5.23334232533046	0
AAACCCAGTGATTGGG	7.82726045883941	2
AAACGCTAGAATAGTC	6.69700910273082	0
AAACGCTTCTGCTTTA	5.85093167701863	1
AAACGCTTCTTCGTAT	2.88123682361209	0
AAAGAACAGAACCGCA	12.3559652543875	4
AAAGAACAGTTGGCGA	5.73355817875211	0
AAAGAACCAGCCTTCT	6.66863381528474	0
AAAGAACGTAGCTAAA	7.7491961414791	0
AAAGAACGTTACAGCT	5.14514514514515	1
AAAGAACTCTGCGATA	7.4468085106383	0
AAAGGGCCAAGAAATC	4.8153342683497	0
AAAGGGCGTGGCATCC	4.89052588500102	0
AAAGGTAAGCTCGAAG	6.45693413455874	1
AAAGGTATCAGTCCGG	4.65349849347171	0
AAAGTCCGTGATCGTT	4.98111425873466	0
AAAGTCCTCATGCATG	5.85842148087876	0
AAAGTGACATCGCCTT	12.3597387372299	0
AAAGTGACATTCAGGT	10.7882623705409	1
AAAGTGATCCTGTAAG	8.27534791252485	0
AAATGGACATGTCGTA	4.84816196057539	2
AACAAAGGTTTGATCG	6.88468158347676	1
AACAACCTCACCTGTC	11.4924494999019	5
AACACACAGAGTGTTA	4.68965517241379	0
AACACACCAGGTTACT	13.8556701030928	1
AACACACTCGCGGTAC	5.77146846637189	0
AACAGGGAGAGTCAAT	3.64478453483689	0
AACCATGTCCTAGAGT	7.72792022792023	1
AACCCAAAGGTAAGAG	5.36729588355697	1
AACCTGAAGGAGTATT	6.41196013289037	0
AACCTGACACACCTAA	6.38933578487704	2
AACCTGAGTTGGACCC	7.8448275862069	1
AACCTGATCGTTAGTG	6.26466447677147	0
AACCTTTAGTTAGTAG	5.13557191596337	0
AACCTTTGTTTCCATT	6.22516556291391	0
AACCTTTTCGTCACCT	9.32432432432432	0
AACGAAAAGCACTCTA	5.91122016506803	0
AACGAAAGTTGGTGTT	13.0901287553648	0
AACGGGAAGACATCAA	5.17666392769104	1
AACGGGACATCCGTTC	6.37334196053057	0
AACGGGATCATAGGCT	6.49588289112534	0
AACGTCAGTAGGGTAC	8.5883514313919	0
AACGTCATCTTCTAAC	7.67230169050715	4
AACTTCTAGGTCCCGT	7.97160797160797	0
AAGAACAAGCTGTCCG	7.92546026044005	0
AAGAACACACCAACAT	4.7992700729927	0
AAGAACAGTATTGAGA	7.99602681897194	0
AAGAACAGTCGAGTTT	7.6266137040715	0
AAGACTCAGATGTTAG	7.40962652286798	0
AAGATAGCATTCTCCG	8.72701045798774	0
AAGCCATTCTGGGTCG	5.4991034070532	0
AAGCGAGAGTATGACA	5.34238488783943	0
AAGCGAGTCAGCAGAG	10.0482111139305	0
AAGCGAGTCGCAGTGC	7.28914336049328	0
AAGCGTTTCGCTGTCT	5.30120481927711	5
AAGTACCAGCGACCCT	7.98045602605863	0
AAGTACCGTCTCGCGA	6.4634894661485	0
AAGTACCGTGCAGTGA	5.87957497048406	0
AAGTCGTGTGGGATTG	5.50300945829751	0
AAGTCGTTCGTTAGAC	3.98589065255732	0
AAGTGAAAGAGATTCA	7.91925465838509	0
AAGTGAACAGAGAAAG	14.3513203214696	6
AAGTGAAGTTACTCAG	7.01023114816218	2
AAGTTCGTCCGTAGGC	5.18453427065026	0
AAGTTCGTCGCAGTTA	5.02759043531576	0
AAGTTCGTCGCTCTAC	5.94939153950164	1
AATAGAGAGGATGGCT	5.88636363636364	1
AATAGAGCAGTCTACA	11.2225405921681	1
AATAGAGTCTTTGATC	9.35469900389779	4
AATCGACAGCAGCGAT	5.12686371959194	0
AATCGACTCCCGAACG	6.56424581005587	1
AATCGACTCGTAGAGG	9.10634495084897	0
AATCGTGCAGCGTTTA	7.66348773841962	1
AATGAAGAGTATGAGT	5.12182993535554	0
AATGAAGCAAGGATGC	5.97224387961952	1
AATGAAGCACGACCTG	6.87192118226601	0
AATGAAGTCTTCCAGC	5.15168860904408	2
AATGACCCATATACCG	6.12112003472976	0
AATGCCACAGAGGGTT	5.99419916210119	0
AATGGAAGTCGACTTA	7.30105105105105	0
AATGGCTCAGGCTATT	8.84630274874177	4
AATGGCTCATGGTGGA	5.43863797588082	0
AATGGCTTCACCCTGT	3.76304928380675	0
AATTCCTGTCCATCTC	3.89105058365759	0
AATTCCTGTTTGTGGT	7.49695245835026	0
AATTTCCTCACTTCTA	14.3513203214696	6
AATTTCCTCCTCGATC	3.40078695896571	0
ACAAAGAGTGTTTGCA	8.85742509054989	1
ACAAGCTCAAATTGCC	3.81679389312977	0
ACAAGCTCATTGTACG	14.3479162347087	0
ACACAGTGTGGTTTAC	7.02104097452935	1
ACACCAAGTTCTAACG	5.54683411826269	0
ACACGCGAGGGAGGGT	8.5385500575374	0
ACACTGAAGTATAGAC	4.07907122685911	0
ACACTGACAAAGGCAC	5.41931577353921	0
ACACTGATCCGCCTAT	6.18936099029776	0
ACAGAAACACAGTATC	8.32657474993241	4
ACAGAAATCTTGCAGA	5.57427258805513	0
ACAGCCGCACCAGCTG	6.43382352941176	0
ACAGCCGTCTCGGGAC	5.53010471204188	0
ACAGGGAGTAGTCTTG	7.96616143813888	2
ACAGGGATCTGCTCTG	5.23844307628091	2
ACATCCCCAATCAAGA	10.5145027624309	0
ACATCCCTCCCGTGAG	5.24792348351372	0
ACATCGACACGTCGTG	6.74539631705364	1
ACATCGAGTTTACCAG	6.32790028763183	0
ACATCGATCGAGAGAC	10.7614630423296	1
ACATGCATCTGACGCG	5.07185122569738	0
ACATGCATCTTCGTGC	10.5140186915888	3
ACCAAACCAGAGTGTG	8.92570817744522	1
ACCAAACCATGGCCCA	6.12792511700468	3
ACCAACACAACAACAA	5.14588859416446	0
ACCAACACACTGTTCC	9.60814700022139	0
ACCATTTAGGAAACGA	5.87909040488075	0
ACCATTTCAAGGGTCA	7.26678400804627	0
ACCCAAATCAGTGGGA	7.14454138174959	0
ACCCTCAAGCTGGCCT	2.77117973079968	0
ACCCTCAGTCCGGACT	6.15696887686062	0
ACCCTTGAGCAAATGT	8.99513776337115	1
ACCTACCAGTGTCATC	5.48165629693199	1
ACCTGAACATGGCACC	4.12916291629163	0
ACCTGTCAGACGCATG	11.1127465410656	1
ACGATCAAGTACCCTA	7.63848396501458	2
ACGATCAGTGTCCATA	3.6923749180686	1
ACGCACGCAACGACTT	5.53008595988539	0
ACGCACGGTGGAGGTT	6.24021471706553	0
ACGCACGTCAGCACCG	14.5923726878283	2
ACGGGTCGTACACGTT	6.18588747280075	0
ACGGTCGCACCCAACG	4.62666917434644	0
ACGGTCGGTTGGCTAT	5.92435353145504	2
ACGGTTAAGAATTGCA	8.7719298245614	4
ACGGTTAAGCGACTGA	5.13126491646778	1
ACGGTTACACATCATG	8.69677419354839	1
ACGGTTACACTACACA	7.68963117606124	0
ACGGTTAGTTCCATTT	5.55345674348319	0
ACGGTTATCTGGTGGC	7.1036889332004	0
ACGTAACGTCTTACAG	7.92819745699327	0
ACGTACAAGACATATG	8.32102412604628	0
ACGTACAGTCCAACGC	8.27494160827494	1
ACGTCCTAGGCCTAGA	6.06400898371701	5
ACGTCCTTCGTAACAC	8.54880037269974	0
ACGTTCCAGTCACTAC	5.15937331172339	1
ACTATCTTCCGCACGA	2.94670846394984	0
ACTATGGAGGTTCAGG	5.07011866235167	0
ACTATGGCAATTGTGC	6.35109419600381	0
ACTATGGCATGGCTGC	6.75035528185694	0
ACTATGGGTGAGTTGG	3.39912280701754	0
ACTATTCTCCATCGTC	11.1081081081081	4
ACTCCCAGTGTTCCAA	8.53474320241692	0
ACTCCCATCATGGATC	4.15029469548134	0
ACTCCCATCTACCAGA	6.56510700036271	0
ACTCCCATCTCAATCT	4.60358056265985	0
ACTCTCGCACGTCGTG	9.51427140711067	0
ACTCTCGTCCATCTGC	9.17530224525043	4
ACTGATGTCAGTGCGC	6.89851767388825	0
ACTGCAACAGTTAGAA	4.64941882264717	0
ACTGCAAGTGAGAACC	12.3046875	0
ACTGCAATCCATGAGT	7.51582278481013	0
ACTGTCCGTTAAACCC	6.61889496511409	0
ACTGTGAAGCCGAACA	5.7545106615637	3
ACTGTGATCCACGAAT	5.45004128819158	0
ACTGTGATCTCTCGCA	5.54894966309949	0
ACTTAGGAGCATGCGA	4.5785324439054	0
ACTTAGGCAGGCGATA	7.89047747504721	1
ACTTAGGTCAGGAACG	3.38399189463019	5
ACTTATCGTGTACGCC	9.39947780678851	4
ACTTCCGCATGCTGCG	7.05541954150901	1
ACTTCCGTCCCGAACG	7.76132794975325	2
ACTTTCACACCCTTAC	7.05092333519866	0
ACTTTCACACGTCGGT	8.14151747655584	0
ACTTTCACATGACGTT	10.7371112057946	2
ACTTTCAGTCTCAGAT	5.29925187032419	0
ACTTTCATCGCGTAGC	7.85691472373044	0
ACTTTGTAGATTGCGG	5.76957216403337	0
ACTTTGTAGCCTCATA	5.07011866235167	0
ACTTTGTGTCGTTATG	6.48590875850819	1
ACTTTGTGTTGACTAC	7.1267252195734	0
AGAAATGCAGCAGACA	9.49763033175356	1
AGAAATGGTCAGCGTC	7.73366418527709	2
AGAAATGGTCTACTGA	6.94203401596668	1
AGAAATGTCACCGGGT	7.23236663086287	2
AGAACAAGTACCCGCA	6.22077658060581	3
AGAAGTAAGAAACTAC	5.37593984962406	0
AGAAGTACAAAGGGTC	4.30570505920344	0
AGACAAACAAACACGG	6.2046908315565	1
AGACAAACACTGAGGA	5.89239965841161	0
AGACAAAGTGCCGGTT	8.83977900552486	1
AGACAAATCCTTTAGT	4.30969681784014	0
AGACACTGTAGCGATG	7.627765064836	2
AGACCATAGGGCAGAG	9.88679245283019	0
AGACCATGTATGGAGC	4.01396160558464	1
AGACTCACATAGAAAC	7.28757823273576	3
AGAGAATCAGAGACTG	9.31716656030632	0
AGAGAGCAGACTAAGT	9.46661956905687	0
AGAGAGCAGTTACTCG	5.77639751552795	0
AGAGCAGGTTCAAACC	5.69029850746269	0
AGAGCCCAGTTACGAA	8.41641548805936	0
AGAGCCCCAGCGTAGA	7.19105862505272	0
AGATAGAAGCAAGCCA	8.4903569053425	1
AGATAGAGTAACAAGT	4.26690876078075	0
AGATCCAAGGTACAAT	3.75210005600149	0
AGATCCACAACAGCTT	7.39205526770294	3
AGATCCATCCGCATAA	8.44594594594595	0
AGATCGTCACTGTGAT	7.73832497105365	1
AGATCGTCAGCGCGTT	7.4740207833733	3
AGATGCTGTAATCAAG	7.56335282651072	5
AGATGCTGTCTGCATA	10.247619047619	2
AGCATCACACTTGTGA	3.56791338582677	0
AGCATCACAGACTCTA	3.97777777777778	0
AGCATCAGTTGTCAGT	10.805352183792	4
AGCCAATAGAATTGCA	4.26409903713893	0
AGCCAATGTACTCGAT	9.89050226136634	1
AGCCAATGTCTACGTA	7.06719916652197	2
AGCCAATGTGCCCACA	6.40386869871043	0
AGCCACGCAAGTGGAC	6.81886452388104	0
AGCCACGCACATAGCT	5.40101993509504	0
AGCCACGGTTACGTAC	4.80936713760403	1
AGCCAGCGTCAGCGTC	8.47457627118644	4
AGCCAGCTCACCCTCA	7.03853955375254	0
AGCGCCAGTGGCAACA	7.28731942215088	0
AGCGCCAGTTCGCGTG	12.2590593677718	0
AGCGCTGTCTCGTCAC	9.46019629225736	4
AGCGTATAGTATTGCC	6.79113664341403	1
AGCTACAAGCGACCCT	7.49627976190476	0
AGCTCAAAGGAAAGTG	7.81476121562952	0
AGCTCAAAGTCTTCGA	3.57268567405843	0
AGCTCAACATGTGCTA	11.0724925521351	0
AGCTCAATCTCGTCGT	5.34136546184739	0
AGCTTCCAGCTTCATG	7.02525377568705	1
AGGAATACAGTGTGGA	2.90041067761807	0
AGGAATATCAATCTTC	6.29299363057325	0
AGGACGACAAATGGCG	5.1869722557298	0
AGGACGATCGGAAACG	8.89468690702087	4
AGGACTTGTCACTCTC	12.2862029646522	0
AGGACTTGTTGTATGC	6.97738554881412	3
AGGATAATCAAGATAG	11.2951308380258	1
AGGATCTAGTATGATG	5.15956430345882	0
AGGCCACTCAGCTAGT	6.56428786510087	0
AGGCCACTCCCGAACG	7.15600081782866	0
AGGCTGCAGTGATCGG	11.4748836462847	0
AGGGAGTAGCTGTACT	9.17249771828415	1
AGGGAGTAGGTTAAAC	6.62057963307631	0
AGGGAGTCAGAGTAAT	6.48423557406306	0
AGGGAGTGTCTGTGGC	11.3223748773307	1
AGGGCCTTCGACCAAT	6.92076228686058	0
AGGGCCTTCTGAGTCA	5.36805740100983	0
AGGGCTCAGCTTGTTG	5.55724263589432	0
AGGGCTCCATCGGTTA	5.75724239090576	0
AGGGTCCCATCCGAGC	8.77445932028836	2
AGGGTGAAGAAGGTAG	7.26682482207517	1
AGGGTGACAACACGTT	6.51758128586141	3
AGGGTTTAGTGGTCAG	6.00067046597385	0
AGGGTTTTCGTCTAAG	6.71532846715329	0
AGGTCATAGCCATTTG	9.41526263627354	2
AGGTCTAGTATCGGTT	7.90896800360523	1
AGGTTACTCTTTCAGT	7.30868443680138	0
AGGTTGTAGCAGCAGT	5.37120359955006	0
AGGTTGTGTACACTCA	4.96881049688105	1
AGTAACCAGAGGCTGT	7.15436674186271	0
AGTAACCAGTAGCTCT	14.7699214365881	2
AGTACCATCCCGAGTG	9.36073059360731	0
AGTACTGTCTTGCAAG	10.8608790410461	0
AGTAGCTGTTACCGTA	7.98898071625344	0
AGTAGCTTCGCATTGA	5.86095392077607	0
AGTAGTCCAAGCAATA	6.96422918645141	0
AGTCAACAGTTGGAAT	6.17848970251716	0
AGTCAACCAGGGCTTC	8.20904875297656	2
AGTCAACCAGTTCCAA	5.47285087341881	1
AGTCAACGTTGGCCGT	14.991914991915	4
AGTCACAAGGGTATAT	7.41582317702954	2
AGTCACAGTCGTCATA	3.76111817026684	0
AGTCACATCAAACCTG	5.9672904081332	0
AGTCACATCGGTCACG	8.79256965944272	1
AGTCATGGTCGGCTAC	4.61405778352738	1
AGTCTCCGTGTAGGAC	3.80270046844861	1
AGTCTCCTCACCGGTG	5.23091423185674	0
AGTGACTAGGGAGGAC	4.49438202247191	0
AGTGACTCACTGTGAT	4.89690721649485	0
AGTGATCAGGAGTCTG	5.66590687072615	0
AGTGATCCATGACAAA	7.37452437035695	1
AGTGATCCATGACAGG	4.92211838006231	0
AGTGATCGTTCCGCTT	3.86266094420601	0
AGTGTTGTCTCGGTCT	4.54899922017156	0
AGTTCCCGTTCAATCG	7.97783933518005	0
AGTTCCCTCCAGGACC	8.2257362541709	1
AGTTCGACAGGGTTGA	10.3781174577635	0
AGTTCGAGTCCAAAGG	7.2861105184553	0
AGTTCGATCACACGAT	7.30498304200365	0
ATACCGATCGCCATAA	5.5720213396562	0
ATACCTTTCTCGCTCA	7.61099365750529	0
ATACTTCCAAGTGATA	4.39882697947214	0
ATAGACCGTCACCGAC	6.28058727569331	5
ATAGACCTCCAACCAA	5.57954741751598	0
ATAGAGAGTAGATTGA	6.15384615384615	0
ATAGAGAGTGGACCTC	9.32467532467532	5
ATAGGCTCATAGGAGC	6.87747035573123	0
ATATCCTAGAATTGCA	6.92645980943074	1
ATATCCTCAAGACGAC	5.41099940863394	0
ATATCCTGTATTTCGG	6.270783847981	0
ATATCCTGTCCTGAAT	10.7533064979873	5
ATCACAGAGTTGAATG	8.22138635142397	4
ATCACGAAGGAAAGTG	4.77951635846373	0
ATCACGACACGGGTAA	6.59617321248741	0
ATCACGACACTAGGTT	5.56265984654731	0
ATCACGACAGAGTCAG	6.09993510707333	0
ATCACGAGTAGCGCCT	7.35024849594559	0
ATCACTTAGGCTATCT	4.57790844183116	0
ATCAGGTCACCTGTCT	6.43500643500643	0
ATCAGGTTCTTACCGC	5.17241379310345	0
ATCCACCAGCGGTAAC	3.96594219135111	0
ATCCACCCAGAAGTTA	9.72671796232422	1
ATCCACCTCCGTCAAA	4.88563586459286	0
ATCCACCTCGCTTGAA	3.94523091204456	0
ATCCATTCACTGTGAT	8.25627476882431	0
ATCCATTTCACTGATG	11.5734720416125	2
ATCCATTTCAGCACCG	6.19834710743802	2
ATCCCTGCAAGTCCAT	7.70207363520948	2
ATCCCTGGTCTCTCAC	5.57911180540058	0
ATCCCTGTCGGCCCAA	6.70173057346454	2
ATCCGTCAGCTTACGT	5.96072931276297	2
ATCCGTCAGTTGCGCC	5.76368876080692	0
ATCCGTCCAAACTAAG	7.78474399164054	2
ATCCGTCGTGTCATTG	4.68651044965168	0
ATCCGTCGTTTCGTGA	9.3716719914803	0
ATCGCCTAGCGACATG	7.60719225449516	4
ATCGCCTAGTTACTCG	5.04048054322277	1
ATCGCCTCAAGTGGCA	6.01999091322126	0
ATCGCCTCAAGTTGGG	7.18136311128225	0
ATCGCCTTCATCGCTC	6.98426384996767	0
ATCGGATAGTAAGGGA	4.12341407151096	0
ATCGGCGAGGTAAGAG	6.34067705534659	0
ATCGGCGGTTAGGACG	7.70746121644915	0
ATCGTCCCATGGGCAA	7.33475479744136	1
ATCGTCCGTTTCGACA	9.25318761384335	0
ATCGTGAAGTCTAACC	6.26102292768959	0
ATCGTGACACAGTACT	4.95350161320934	1
ATCTCTACAGCGACCT	11.0473128158016	0
ATCTCTAGTGCTCTCT	3.84304207119741	0
ATCTTCATCATACGGT	7.57622420696027	0
ATGAAAGAGTGCTCAT	7.64029749830967	2
ATGAAAGGTCCGGATC	7.24525377760558	0
ATGACCAAGTGCACCC	5.19532024588539	5
ATGACCACATCGGAGA	5.12477718360071	0
ATGACCATCCGTCCTA	14.5767027371101	6
ATGAGGGCATCATTTC	8.96961542773854	1
ATGAGGGTCAAGAAAC	4.29354801073387	0
ATGAGTCAGGGTGAAA	6.15806532036899	1
ATGATCGAGAGTTGCG	3.67231638418079	0
ATGCATGCAAATCCCA	14.8832156436719	2
ATGCATGCACCATTCC	7.87282361847086	6
ATGCATGTCGACGCTG	7.30880929332043	0
ATGCCTCTCTGTCGCT	4.51293340671436	0
ATGCGATTCGATGGAG	5.52667578659371	0
ATGGATCAGTCCCAGC	6.17037222083437	0
ATGGATCCAAATGATG	8.64399836132733	1
ATGGATCGTCGCATGC	3.07890855457227	1
ATGGGAGCACTAGAGG	5.07133995037221	0
ATGGGAGTCGTGTCAA	8.98544610841595	5
ATGGGTTAGCACTTTG	7.01459034792368	4
ATGGGTTGTAGTAAGT	6.02716468590832	0
ATGGGTTTCGCGGTAC	9.8273381294964	0
ATGGTTGCAGAAGTTA	7.05675539929684	0
ATGTCCCCATGCCATA	5.76192486281131	0
ATGTCTTCAGGCGATA	6.2710911136108	1
ATGTCTTGTTCACCGG	6.76444178389704	0
ATGTCTTTCTACGGTA	8.37906105739918	1
ATTACTCTCAATGCAC	4.82913853079599	0
ATTCACTCACGCTTAA	11.4702673213312	0
ATTCACTTCCACTAGA	6.05495141882762	3
ATTCAGGAGCTCATAC	6.20292423571112	2
ATTCAGGAGTCTTGGT	5.95180722891566	0
ATTCATCAGCTCGCAC	5.88739639897114	0
ATTCATCTCGTTACCC	6.56477943730462	0
ATTCCATAGTCTACCA	9.54918942926938	0
ATTCCATCATCTTTCA	7.23488602576809	1
ATTCCCGAGCGCCTTG	6.97834307322104	0
ATTCGTTAGTATTGCC	7.07592414963477	1
ATTCTACAGTATGAGT	6.84931506849315	1
ATTCTACGTGTTAACC	9.2402717726992	0
ATTCTACGTTTCACAG	4.38756855575868	0
ATTCTTGGTCACTCTC	6.73733381243263	0
ATTGGGTGTGTGTGGA	4.77568740955137	0
ATTGGGTTCCTAGCGG	5.83926329007953	1
ATTTCACCAGCACACC	5.59769814281977	0
ATTTCACGTACATACC	5.4178145087236	0
ATTTCACGTTGCCATA	4.37933693138011	0
ATTTCACTCAATCCGA	5.25015441630636	0
ATTTCTGTCTCTGACC	8.29350213150756	0
CAAAGAATCCCAATAG	3.41246290801187	0
CAACAACTCAGCAGAG	7.66988113926889	0
CAACAGTCAACACAGG	5.90879897238279	0
CAACAGTCAGACAAGC	4.53031312458361	0
CAACAGTCAGCTCATA	8.6639388009251	1
CAACAGTGTATGTCTG	4.81782595603734	0
CAACAGTGTTGCTAGT	5.06114130434783	0
CAACCAACAGCAGATG	6.3973063973064	4
CAACCTCCAGAGGTTG	8.34639498432602	0
CAACGATAGGAGGGTG	6.18421052631579	1
CAACGATAGTGGACTG	8.10283687943262	2
CAACGGCAGCAGCACA	7.08896297596069	0
CAACGGCAGGAGTCTG	13.7088974854932	2
CAACGGCGTATCGCTA	6.67397060166165	1
CAAGACTGTTAGCTAC	10.8502415458937	0
CAAGCTATCGTGCATA	3.3373786407767	0
CAATACGTCCCAAGCG	6.09903381642512	0
CAATACGTCGGTATGT	6.07715944008194	0
CAATCGATCAACCCGG	7.21792583779496	0
CAATCGATCTGAGTCA	13.3560975609756	1
CACAACAAGCTGAGCA	6.62595419847328	0
CACACAAAGAGAGCCT	6.97674418604651	0
CACACAACACGCAAAG	5.05106265525807	0
CACAGGCTCGAACTCA	4.33723196881092	0
CACAGGCTCGTTAGTG	4.48787549764748	0
CACATGACAACTGAAA	5.85971446306642	0
CACCAAAAGCTCACTA	9.21699783592367	1
CACCAAAAGTTGCGCC	8.34075393291778	0
CACCAAATCCTAGCGG	3.98713826366559	1
CACCAAATCGTTACCC	6.13852212184387	0
CACCGTTCACAAGTTC	6.74731312352402	0
CACCGTTGTAAGTTGA	8.47938144329897	4
CACCGTTGTGTTTGCA	12.6209223847019	0
CACGAATGTTCGCGTG	4.97025522932259	2
CACGGGTCAAAGAACT	6.163973668462	0
CACGGGTCAATGGCCC	2.5593471810089	0
CACGGGTTCCTCTAAT	4.58452722063037	0
CACGGGTTCTAGCCTC	4.06421459053038	0
CACGTGGTCATTCGGA	11.2699747687132	1
CACTGAAAGAACAAGG	8.30578512396694	0
CACTGAAAGGATGAGA	6.62923774562729	0
CACTGAATCGCTTAAG	5.17048630519843	0
CACTGGGAGTTGAAAC	5.31728665207877	0
CACTGGGTCAGCTTGA	7.29544538492543	2
CACTGTCAGCAGGGAG	7.38330975954738	1
CACTGTCCAGGCTTGC	6.29972049021716	0
CACTTCGTCACTACTT	8.15715622076707	1
CAGAGCCAGTAGTCTC	7.61889090011519	0
CAGAGCCCAGAAGCTG	5.52486187845304	0
CAGAGCCCATACGCAT	6.10244988864143	1
CAGAGCCGTTAGTCGT	14.9054505005562	6
CAGATCATCGGCATTA	8.8622754491018	0
CAGATTGAGTACGTCT	10.5608465608466	0
CAGATTGTCCCGAAAT	4.80709717350939	0
CAGCAATAGACCAACG	6.37801831806828	0
CAGCAATCAAGTTCGT	8.58752909469558	1
CAGCAATCAGCATACT	4.61325008671523	0
CAGCAGCAGATGAAGG	5.42352224253504	0
CAGCAGCAGTGCGCTC	6.57989877078814	0
CAGCAGCCACAGAAGC	5.34453139912197	0
CAGCCAGAGGAAGTCC	4.86442571341525	1
CAGCGTGTCGACCCAG	10.408042578356	0
CAGGCCAGTAAGTTGA	7.7141382868937	0
CAGGCCAGTTGGATCT	8.61623298293986	1
CAGGGCTAGCTCCCTT	6.40307907627712	0
CAGGGCTTCGGTAGGA	14.6203554119548	6
CAGGGCTTCTGGGCAC	4.21780852488284	0
CAGGTATAGTCATGCT	5.35714285714286	0
CAGGTATCAACCGCTG	7.59646997750476	2
CAGTTAGTCAACCGAT	6.38297872340426	0
CAGTTCCGTGAATGAT	5.22875816993464	0
CATAAGCTCGGTCTAA	8.34415584415584	0
CATACAGCACAATGCT	4.3610163064088	0
CATACCCCAACTACGT	6.55635341867	0
CATACCCCAGCACCCA	4.60431654676259	0
CATACCCTCCATAGGT	5.25791178669325	0
CATACTTGTACTCCGG	11.4019904803116	0
CATAGACTCCTAGCGG	6.15768271628621	0
CATCAAGCACAATGCT	8.7037037037037	0
CATCAAGCACTACAGT	6.4873417721519	0
CATCCCAGTCATCACA	5.58535815714737	0
CATCCCATCGGTCGAC	8.13008130081301	1
CATCCGTCAGTCGCAC	6.67933749660603	0
CATCGCTAGAAGTGTT	7.44133930925389	0
CATCGCTAGGGTGAGG	5.19976498237368	0
CATCGCTGTAAGGCTG	4.50315220654458	0
CATCGGGAGAAGGTAG	8.49375459221161	5
CATCGGGTCTCGGCTT	6.67832167832168	0
CATCGTCAGCATGGGT	6.77908937605396	5
CATCGTCGTCTTCAAG	7.7675380853865	2
CATGAGTAGCATCGAG	6.79780156204802	0
CATGAGTTCTACGGGC	8.4881560613098	1
CATGCAACACAGCATT	5.13733468972533	0
CATGCAAGTCCCACGA	6.82517960998974	2
CATGCCTAGACGGTCA	6.53246496940991	0
CATGCCTCACTCACTC	5.74518418384589	4
CATGCCTCAGGAGGTT	7.14854111405836	2
CATGCCTGTAACGCGA	4.44567935537649	0
CATGCGGTCTACTTCA	10.7533064979873	2
CATGGATAGAGCCCAA	6.50375939849624	0
CATGGATTCATAGACC	5.00380517503805	0
CATGGTACACTTTATC	5.79389650597081	0
CATTCATAGTAGCCAG	6.15495216501687	1
CATTCCGAGGTCGTAG	6.72433035714286	0
CATTCCGGTGCCTATA	6.21139932945121	0
CATTCCGGTGGAAGTC	8.1095720807862	1
CATTCCGTCCAAATGC	8.72576177285319	0
CATTGCCCAAGATTGA	7.11864406779661	0
CATTGTTAGACGGTTG	8.13227819597246	3
CATTGTTAGGGTAATT	11.9510912437549	1
CATTGTTCACACGGAA	4.61538461538462	0
CATTGTTCACCAGCCA	6.85912581216775	3
CATTGTTGTGACAGGT	8.06514152772392	2
CATTGTTTCGTCCTCA	3.99875039050297	0
CATTTCACACCAGTAT	14.2735042735043	6
CCAATGAAGGCTCTCG	6.72664952870608	0
CCACAAAAGAATAGTC	7.68020144790683	0
CCACCATCAATTGTGC	2.32260813978266	5
CCACGAGAGTAATTGG	5.76298701298701	0
CCACGAGTCCCTAGGG	3.96086852779766	0
CCACGTTAGGACTAAT	3.95225464190981	0
CCACGTTGTAGCCCTG	5.80637654177333	0
CCACGTTGTTGTGCCG	6.53907496012759	0
CCACGTTTCATCTGTT	6.46448523543496	0
CCACTTGGTCAGATTC	5.49498473615351	0
CCATAAGGTTGCCGAC	3.90611315466807	0
CCATAAGTCCACAGGC	6.20598591549296	0
CCATAAGTCGTTCCTG	5.02729100833094	0
CCATAAGTCTCAGGCG	3.5501744305356	0
CCATCACCATACGCAT	14.3593045717965	5
CCCAACTTCTGCGAGC	7.7867280398926	2
CCCATTGAGCATACTC	10.061804697157	0
CCCGGAAAGGCTCAAG	6.66666666666667	0
CCCGGAAAGTCTCCTC	5.53231055323106	0
CCCGGAACACTCAGAT	4.48871181938911	0
CCCGGAAGTGTCATCA	5.74917022285443	0
CCCTAACTCTCAGTCC	5.5663430420712	0
CCCTCAAAGCAGTCTT	6.23316660253944	0
CCCTCAATCGGTTAGT	6.34674922600619	3
CCCTCTCAGTTGCGAG	13.4548611111111	6
CCCTGATCATTCTCTA	6.45479668377418	0
CCCTGATGTCATAACC	7.49927473165071	2
CCCTGATGTCCTGGGT	5.17670194921627	3
CCCTTAGAGTTCACTG	7.25735937044593	0
CCCTTAGCAGCGTTTA	11.9182746878547	0
CCCTTAGGTACACGCC	12.006196746708	6
CCCTTAGTCAAACGAA	6.55198583354414	0
CCGATCTCAGGATTCT	7.02761402420106	3
CCGATCTGTGCCGTTG	2.29838709677419	0
CCGATCTTCAGTGATC	4.70076169749728	0
CCGATGGCATCTTTCA	4.91740299654245	1
CCGCAAGAGTGTTGAA	6.48780487804878	2
CCGGACACAGGTGTGA	14.0599001663893	6
CCGGACACAGTGTGGA	6.86294416243655	0
CCGGACATCAAAGAAC	8.60559470424941	0
CCGGACATCATTGCGA	7.09917909197521	0
CCGGGTAAGGGAGGCA	9.39679218967922	0
CCGGGTACAGTTAGGG	5.53691275167785	0
CCGGGTATCTGCCCTA	3.09343434343434	0
CCGGTAGAGGATGGCT	7.93306476603657	1
CCGGTGACACACCAGC	12.8646360541088	1
CCGGTGACAGAGTTCT	5.64230689152613	0
CCGGTGATCATCCTGC	7.30034296913278	1
CCGTGAGTCATTACTC	10.1612903225806	6
CCGTGAGTCCATCGTC	5.48708920187793	0
CCGTTCACACACTTAG	6.03550295857988	1
CCGTTCAGTTCGAACT	12.8871300757054	3
CCGTTCATCAACCGAT	5.67794387621296	0
CCTAACCCAATGTGGG	6.43533123028391	0
CCTAACCTCACTGATG	7.98563611491108	1
CCTAAGAAGTCACGCC	6.02645761881431	1
CCTAAGACATGGAGAC	6.30868932680862	0
CCTACGTAGCACGTCC	4.50012162490878	5
CCTACGTAGGCCTTCG	5.76983380370022	0
CCTACGTCAATCTCTT	6.43392960184651	0
CCTACGTCACGCAAAG	6.64496880933008	0
CCTACGTCATCGTGGC	4.75906013540422	0
CCTACGTCATCTAACG	9.77355977355977	4
CCTATCGAGCTAGCCC	6.53694796676869	0
CCTATCGTCCATATGG	7.42691598630498	4
CCTCAACCAAGCCCAC	4.39456808751415	0
CCTCAACCACCCTCTA	9.59101844426624	1
CCTCAACCAGGCTACC	5.45536519386835	0
CCTCAACGTCTGCCTT	4.96664195700519	0
CCTCACAAGCTGGAGT	10.3214214414055	1
CCTCACAGTATCCTTT	6.23865698729583	1
CCTCACAGTCCTCCTA	2.55727224294086	0
CCTCACATCTAACACG	10.5507785266093	5
CCTCAGTTCTAAGAAG	5.71610709732257	0
CCTCATGCAAATGAAC	11.7635602298179	1
CCTCCAACATGACGTT	3.59843546284224	0
CCTCCAATCAAAGACA	7.30346576500423	1
CCTCCTCTCCTACGAA	5.89194699286442	0
CCTCTAGCAATTCGTG	6.38297872340426	4
CCTCTAGGTACACTCA	4.72623966942149	0
CCTCTAGGTCCTGGGT	4.34340868681737	0
CCTCTCCCAGCGTGAA	6.63118208028388	0
CCTCTCCGTCCGGTGT	6.43998746474459	0
CCTCTCCTCATGCCCT	4.5688314794881	0
CCTGTTGGTCATACCA	10.7738429829492	0
CCTTCAGCAGGGATAC	6.41689091285448	0
CCTTCAGGTCGTATTG	9.57989791912053	0
CCTTCAGGTGTCCGGT	2.23706176961603	0
CCTTTGGAGTGATGGC	8.10408921933086	1
CCTTTGGCAGAACGCA	3.42500421798549	0
CCTTTGGGTTAGCGGA	5.19722814498934	0
CCTTTGGTCGCAGATT	4.71167369901547	0
CCTTTGGTCTAACACG	5.7372346528973	0
CGAAGGAAGCGCCGTT	6.50697175545227	5
CGAAGGAGTTCGGCCA	6.14859094790777	1
CGAAGGATCACCTGTC	7.18891038039974	0
CGAAGGATCATTCGTT	4.85046494093993	0
CGAATTGAGAATCCCT	6.62690523525514	0
CGAATTGAGACGCCCT	5.35777229467748	0
CGAATTGCAACTGATC	7.63538513286243	0
CGAATTGCAAGCGCAA	7.32502965599051	0
CGAATTGGTCGATTCA	12.0497538222337	2
CGACAGCAGCGTGCCT	6.59195781147001	0
CGACAGCAGGTGATAT	6.23647294589178	1
CGACAGCAGTTGGGAC	5.10010537407798	0
CGAGAAGCAGCGTGAA	6.44416456759026	0
CGAGGAAGTTACCCAA	7.66717909300538	0
CGAGGAATCGTCGATA	10.9572901325479	0
CGAGGCTGTAAGCTCT	4.87845212502067	1
CGAGGCTGTGTCCCTT	5.59907165651291	0
CGAGTGCTCCGTGTAA	9.29714401458376	1
CGAGTTAAGACCGCCT	6.56671095084456	0
CGAGTTAGTCATCCCT	8.81654619321479	1
CGAGTTATCAACGAGG	7.73828247876691	0
CGATCGGAGCAAACAT	6.18951159126716	1
CGATCGGCAGCGGTCT	5.23255813953488	0
CGATCGGCAGGCTCTG	9.34930702372563	0
CGATCGGTCTTGCGCT	7.69230769230769	3
CGATGCGCACGACTAT	5.15905383360522	0
CGATGGCCATGTGGCC	9.33607449510219	1
CGATGGCTCCAATCTT	5.47636909227307	0
CGCAGGTAGCGCCTCA	6.27627627627628	0
CGCAGGTAGGTACCTT	10.8287545787546	1
CGCCAGACAGATCATC	6.92431561996779	0
CGCCAGAGTTCAAGTC	11.731843575419	4
CGCCATTCAACGGTAG	3.58565737051793	0
CGCCATTCAGGTGTGA	13.4663341645885	0
CGCCATTGTGATACTC	9.35860370489346	1
CGCCATTTCAAGCCTA	8.62830400105464	1
CGCGTGAAGGCTCACC	5.66283924843424	0
CGCGTGACATACCATG	8.47249257248233	3
CGGAACCGTACGCTTA	4.31910569105691	0
CGGAACCTCAACACCA	5.03661368101447	1
CGGAACCTCGCTTGCT	6.28129762682343	2
CGGAATTCAAACACGG	7.52160710114459	0
CGGAATTTCTTCCTAA	6.6793893129771	0
CGGACACAGCCTGGAA	6.8922305764411	0
CGGACACCATACCATG	5.93265633351149	0
CGGAGAAAGGGCAAGG	6.23235613463627	1
CGGAGAAAGTAGAGTT	7.02702702702703	1
CGGAGAACAAATAGCA	5.90200445434298	0
CGGAGAATCTCAATCT	4.24072341752417	0
CGGCAGTCAGCATTGT	7.10773357174788	1
CGGCAGTTCTACTATC	4.29936305732484	0
CGGGCATAGAAGCGCT	8.44545642724074	0
CGGGCATGTGTGACCC	7.61560942066357	3
CGGGCATTCGCCAATA	6.85635927322592	0
CGGGTCAAGCTAGATA	6.29343629343629	1
CGGGTCATCTCTATGT	8.37781387792991	4
CGGGTGTCACTACCCT	6.0695468914647	0
CGGGTGTGTGTACGCC	11.529933481153	6
CGGTCAGAGACTAGAT	7.33399405351834	0
CGGTCAGGTGAGTGAC	4.88543017725897	0
CGTAATGTCCTCACTG	5.31112507856694	0
CGTAATGTCCTTGACC	7.97505012252172	0
CGTAGTAGTGTCCGTG	0.0685166152792052	3
CGTCAAACATCTAGAC	8.73081708834508	0
CGTCCATCACGTGTGC	4.96588324488249	0
CGTCCATCACTCTAGA	7.90038643194504	0
CGTCCATCAGCACGAA	8.13099240443282	0
CGTGAATAGAGAGCAA	4.57620374054914	0
CGTGAATAGGGCCCTT	9.74973931178311	1
CGTGAATCATTCCTCG	6.11418047882136	0
CGTGAATGTATCATGC	6.84954847503834	3
CGTGATACAATTGCTG	4.70147101240265	0
CGTGATACACAATCTG	3.38471849865952	0
CGTGATACATACACCA	4.98168498168498	0
CGTGATATCCTCAGGG	6.46962997440075	0
CGTGCTTAGAATTGTG	8.33170731707317	3
CGTGCTTAGAGGCCAT	7.73240660295395	2
CGTGCTTAGCCTGTGC	6.46298472385429	0
CGTGCTTTCTTGAGCA	11.6352201257862	0
CGTGTCTGTCTCGACG	6.45032051282051	0
CGTGTCTGTGATATAG	6.70520231213873	0
CGTTAGACATCCGTGG	8.81343687917645	1
CGTTAGAGTCGTTCAA	10.3645833333333	0
CGTTCTGAGCGCTGAA	6.93000693000693	0
CGTTGGGGTCTGTTAG	10.9117719341362	0
CGTTGGGGTGACACGA	4.22125181950509	1
CTAACTTGTTCTCTCG	4.245553643144	0
CTAACTTTCTCATAGG	3.9209726443769	0
CTACATTCATCTCGTC	6.88897763578275	0
CTACATTCATGGGCAA	6.84196404614972	0
CTACATTGTACGCTAT	8.93500925655266	1
CTACGGGAGCCATGCC	8.90331555761651	0
CTACGGGGTGGGTCAA	9.67441860465116	3
CTACTATAGTGCGTCC	7.19627873039037	1
CTACTATTCCCGTTGT	6.6041422430637	0
CTACTATTCCGTGTAA	5.54466535984318	0
CTACTATTCGCTGCGA	5.32402791625125	0
CTAGACAAGTTGTCAC	4.94961470065205	5
CTATAGGTCGCTCCTA	8.45498783454988	0
CTATCCGGTCTCCTGT	3.44827586206897	0
CTATCCGGTTTCAGAC	9.81418476838524	0
CTATCTACAGTCTGGC	3.77716453949638	0
CTCAACCCACAGTGTT	6.03397773872291	0
CTCAACCCATCAACCA	4.70467911020199	0
CTCAACCCATGGGTCC	4.3554928584024	0
CTCAAGACATTCATCT	8.18013155675493	0
CTCAATTAGTGTAGTA	5.98221503637834	0
CTCACTGAGCAACCAG	5.72207084468665	3
CTCACTGAGCTACTGT	9.79662698412698	1
CTCACTGGTGCTCCGA	6.79911350324521	1
CTCACTGTCAGTGTCA	8.43995774151896	1
CTCACTGTCGTAGTCA	7.26384364820847	0
CTCAGAAGTACATACC	6.54678499143702	3
CTCAGAATCGGCTCTT	4.93421052631579	1
CTCAGGGGTGGGTCAA	6.93568726355612	0
CTCAGGGTCCATGATG	4.82302605989887	0
CTCAGTCCAGTTGCGC	5.27127003699137	0
CTCAGTCTCATGGCCG	10.613836994457	1
CTCATCGAGGTAATCA	4.77845351867941	1
CTCATCGCACGCTGCA	12.2336227308603	6
CTCATGCGTCTTTCTA	9.75877192982456	0
CTCATGCGTTCCGCGA	7.12158137015976	0
CTCATTAAGATTAGAC	7.67757660167131	3
CTCATTAAGCAACTCT	10.1659751037344	2
CTCATTACAGTAGAAT	8.05834528933525	2
CTCATTATCGAGAACG	9.71725430080054	0
CTCCAACAGGCTCACC	6.3339494762785	5
CTCCACACAACTTGGT	5.93349271897414	0
CTCCACAGTCGAATGG	8.06128032099216	2
CTCCACAGTGAATTGA	8.02951388888889	0
CTCCACATCACCTCAC	7.20879120879121	3
CTCCATGGTCGGAACA	7.65228037955311	0
CTCCCAAAGGTCTACT	6.72532998114393	0
CTCCCAACAATTGCTG	9.10686701305996	1
CTCCCAATCCTATTGT	4.88197424892704	0
CTCCCTCAGTATGATG	5.73178735506454	2
CTCCCTCCACTTTATC	4.3040293040293	0
CTCCGATAGCGCTGCT	6.03484912877178	0
CTCCGATAGTGATCGG	6.54238480478368	0
CTCCGATTCGACGTCG	5.16620791869574	0
CTCCTCCGTAACCCGC	5.28381642512077	0
CTCCTTTAGTCTGGAG	4.98899486426999	3
CTCCTTTCACCCTAGG	9.14505956552208	1
CTCCTTTTCGCCCAGA	7.28962818003914	2
CTCGAGGTCCACAGCG	7.89283128167994	0
CTCTCAGCAGCGGTTC	7.39251469223631	0
CTCTCGACACCCAACG	5.29835390946502	0
CTCTCGAGTGAACCGA	9.83582949308756	3
CTCTGGTCAGCGTACC	5.6958190264593	0
CTCTGGTCATGAGGGT	6.48811769143719	3
CTCTGGTGTCAGTTTG	12.0996842580063	1
CTCTGGTTCTAAACGC	4.63501291989664	0
CTGAATGAGTGGAATT	6.76966292134831	0
CTGAATGGTTGTGTAC	6.17200674536256	0
CTGAGGCAGTGATAAC	8.75420875420875	1
CTGAGGCGTGATGGCA	11.5867699392924	5
CTGATCCGTGTTTACG	3.92156862745098	0
CTGCATCAGACTGAGC	5.51740468860999	0
CTGCATCCAGTTAAAG	6.80482523971543	0
CTGCCTACAGAAGCTG	9.85221674876847	1
CTGCGAGAGAAATCCA	13.9121854958066	6
CTGCGAGCACAGGATG	7.57871273335191	1
CTGCTCATCTTCGTAT	6.42345568487019	1
CTGGACGCATGTGACT	5.56650993477931	1
CTGGCAGCAAGACCTT	5.0597720322491	0
CTGGTCTAGCACCGAA	6.32447296058662	0
CTGGTCTAGGGCAGAG	5.76564354756656	0
CTGGTCTTCTTTGATC	7.06188001889466	0
CTGTACCAGACCAACG	7.71663504111322	0
CTGTAGAAGCTAAACA	5.47642436149312	0
CTGTAGAAGGAACGCT	6.01503759398496	0
CTGTAGACAGACCTGC	4.56865747830526	0
CTGTAGATCCTCGCAT	6.42338177014531	0
CTGTATTAGTCGGCCT	6.45	1
CTGTATTCAAGGCGTA	4.154682007031	0
CTGTGAACATAGATGA	4.78502080443828	0
CTTAGGAAGTAGAGTT	6.7888857061014	0
CTTAGGACAGTTACCA	6.09795134443022	0
CTTAGGAGTCGTTGGC	5.80079230333899	0
CTTCAATGTTAGGCCC	4.53834115805947	0
CTTCCGAAGGGATCGT	6.71077504725898	0
CTTCCGAAGGTCACCC	11.3837820091924	4
CTTCCTTAGCTGACAG	4.9936788874842	0
CTTCCTTAGTGCACCC	8.11663911017586	1
CTTCCTTTCAAGCTTG	3.90776271783137	0
CTTCCTTTCCCTGTTG	5.86935166994106	0
CTTCCTTTCTACCTTA	9.97620516436062	1
CTTCCTTTCTTTCAGT	13.4259259259259	0
CTTCGGTCACGCCACA	5.96613813490997	0
CTTCGGTCAGGCATGA	7.45642349903163	0
CTTCGGTCAGTCCCGA	7.21100917431193	4
CTTCGGTGTACCTAAC	5.76117558195427	3
CTTCTAACACGGTGCT	5.3861263310245	2
CTTCTAAGTTCCACGG	6.28118579395363	0
CTTCTCTAGGACCCAA	8.27399950896145	0
CTTCTCTAGGTTCACT	4.25827998886724	0
CTTGAGAGTATCAGGG	6.71666123247473	0
CTTGAGAGTCTTTCTA	5.47445255474453	4
CTTGATTCATTACTCT	10.1387604070305	2
CTTTCAAAGGTTCAGG	6.0078469838156	0
CTTTCAACAGCAGTCC	6.17672290534744	0
GAAACCTAGGCAGGTT	8.46586738438953	0
GAAACCTTCTCTAGGA	6.32298490458559	0
GAACACTCACCAGACC	6.18619844834626	0
GAACACTGTCGCATGC	5.10363271673724	0
GAACACTTCAAGGACG	5.51500405515004	0
GAACACTTCTTTGCGC	4.23553719008264	0
GAACGTTCATGGTACT	4.7008547008547	0
GAACTGTAGGTCATCT	4.84014209591474	0
GAACTGTTCATTGTGG	6.88493018777082	0
GAAGAATTCACTGGGC	8.25712748789672	0
GAAGCCCTCGTTCTCG	6.16202690021896	0
GAAGGACCAGTGCCTG	6.31391729657626	0
GAAGGACGTGTATACC	10.0422250780246	0
GAAGGACTCGTGAGAG	7.33730327520204	1
GAAGGGTAGGCTTCCG	8.01341781587775	1
GAAGTAATCATGGATC	5.80039806653398	0
GAAGTAATCTAAGCGT	11.4571967066759	1
GAATAGAAGATTGATG	5.80137659783678	0
GAATAGATCATCTGTT	6.5417921686747	1
GAATAGATCGCATGAT	9.03473258043895	1
GAATCACCACTCAGAT	5.23012552301255	0
GAATCGTGTCCCACGA	13.1203263086336	6
GACACGCCAAATACGA	6.69856459330144	2
GACACGCGTTCGAAGG	7.85860356412504	1
GACACGCTCGATACAC	5.15271625087433	0
GACAGCCAGCGACTAG	10.6261366588724	1
GACAGCCCAAGTGACG	8.81917328665679	1
GACAGCCCACGCTGTG	6.17457198989615	0
GACCAATCATGACTCA	9.01930330596849	1
GACCAATTCACTGGTA	5.85106382978723	2
GACCAATTCATGCGGC	7.25229826353422	0
GACCCAGCAATGCAAA	4.44329630586412	0
GACCCAGGTATTTCTC	6.81576144834931	0
GACCCAGTCCACTTCG	6.74382372579568	0
GACCCTTGTGCGAACA	6.15018688413184	0
GACCCTTGTGGTTTAC	4.13020651032552	0
GACCGTGGTAGAGATT	9.6571622539036	1
GACCGTGGTGTGACCC	7.35228787205686	2
GACCTTCGTGCTCCGA	4.74801061007958	0
GACCTTCGTTCAGTAC	9.14076782449726	4
GACCTTCTCTGGCCAG	5.63117160394983	5
GACGCTGCAAGTGATA	5.76923076923077	0
GACGCTGGTCACCACG	10.0977198697068	0
GACGCTGGTCATACCA	5.05385252692626	0
GACGCTGGTTTGTTGG	4.9738219895288	0
GACGTTAAGCTGCCTG	6.61896243291592	0
GACGTTACAAAGCTCT	6.99204825884288	1
GACGTTATCTAGGAAA	11.8024889602569	0
GACTATGCACCATTCC	9.26864590876177	0
GACTCAATCGATGCTA	4.64652660634872	0
GACTGATCATAAGCGG	7.57598669287766	2
GACTTCCGTTCCACGG	6.47870425914817	0
GAGAAATCACGTTGGC	6.02050326188257	1
GAGAAATCATGACACT	6.62566720816895	0
GAGACCCCAATTGCGT	6.44552319309601	1
GAGACTTAGTTATGGA	4.92021276595745	0
GAGATGGGTAAGAACT	7.81312127236581	5
GAGATGGGTCGTATGT	5.49709439296372	3
GAGATGGGTTTCGTGA	7.73480662983425	0
GAGCCTGAGTAGGGTC	9.17777777777778	0
GAGCCTGGTGTCATCA	7.77905198776758	0
GAGCCTGGTTTACCTT	4.83077813132774	1
GAGCCTGTCAGAATAG	5.34398034398034	0
GAGCTGCAGAAACTCA	7.37555381808705	0
GAGCTGCGTCGCATGC	6.82768230376219	0
GAGCTGCTCGCACGAC	8.20752711035509	1
GAGGCAAAGCATGTTC	7.28073584661226	0
GAGGCCTAGATGGCGT	4.381114419396	1
GAGGCCTCAACAACAA	8.35670218732473	1
GAGGCCTGTATGAAAC	6.84074233923177	0
GAGGCCTTCGTGTCAA	8.38613492359299	0
GAGGGATAGAAGTGTT	10.4258785198976	0
GAGGGATAGGGCTGAT	5.29819694868239	1
GAGGGTACACTTTATC	7.62744346492909	4
GAGTCATGTTCTTAGG	9.95817028741061	3
GAGTCTAGTTCCATTT	7.09754843133893	3
GAGTGAGAGCTCAGAG	10.7826733593605	4
GAGTGAGGTGCCTTTC	10.2998065764023	1
GAGTGTTGTCTAGGCC	7.96080832823025	2
GAGTGTTTCGCCATAA	8.98530919029723	1
GAGTTACAGTCTTCCC	14.9396058486968	6
GAGTTACGTTACTCAG	4.46	0
GAGTTGTCAACGTTAC	7.51381215469613	0
GAGTTGTTCACCGCTT	6.99654163341314	0
GAGTTGTTCATGTCAG	5.66272557560672	0
GATAGAACAGGATCTT	5.03243562020837	1
GATAGCTCAAACGTGG	12.3489055864097	2
GATAGCTCAGTAACAA	6.09198903441974	0
GATAGCTCATGCGGTC	4.67123635440467	0
GATCAGTAGCCTAACT	7.66166822867854	0
GATCATGTCTCGAGTA	5.15130515130515	0
GATCCCTGTGATACCT	8.50844966936076	5
GATCGTATCTCCGAAA	6.5158371040724	0
GATCGTATCTTCGGTC	10.5919411996325	1
GATGACTTCTAGCCTC	6.84081632653061	0
GATGAGGAGCTGGCCT	9.23324396782842	0
GATGATCCAATTGCCA	9.80034722222222	1
GATGCTAAGGGAGGAC	8.98876404494382	2
GATGCTAAGTGGATAT	10.528069298684	0
GATGCTAGTCCTGAAT	4.91940548461377	0
GATGCTAGTCGAAACG	5.56559450668594	0
GATGGAGAGAATTGTG	6.19009584664537	0
GATGGAGAGTGTACAA	6.23655913978495	0
GATGGAGCAAGGCCTC	6.32573921473582	0
GATGTTGGTTCGCGTG	7.61319304882374	0
GATTCGAGTGTCATCA	9.85343457531344	1
GATTCTTAGCCTGTCG	5.95710881652105	0
GATTCTTCACTCCCTA	5.5325987144169	0
GATTCTTTCAACTGGT	7.02911938066332	1
GATTGGTAGCGAGTCA	8.55949895615866	0
GATTGGTCACGCGCAT	9.47278182597514	1
GATTGGTTCATAAGGA	8.40721975934136	1
GATTTCTGTCCCGTGA	7.46730083234245	0
GATTTCTGTCGTCATA	6.42862390713394	3
GCAACATAGTTGCTGT	7.57483200977398	5
GCAACCGGTCGTACAT	6.16035307098198	0
GCAACCGGTGTCCACG	6.26160337552743	2
GCACATAGTAAGATAC	4.67091295116773	0
GCACATATCCCGAGTG	10.6754137468317	1
GCACGGTAGGTTCAGG	3.34253296534805	0
GCACGTGAGTTGTACC	4.99265785609398	0
GCACGTGCATGTACGT	3.93661797474622	0
GCACGTGCATTGACCA	6.1179408374952	0
GCACTAAAGTGGTCAG	7.99525034632891	1
GCACTAAGTGAGTCAG	4.75300400534045	0
GCAGCCAAGAAATGGG	3.98903775883069	1
GCAGCCATCGTGACTA	2.24530831099196	0
GCAGCTGCAGATTCGT	6.28110926759896	0
GCAGCTGCATCGCCTT	10.5166428425567	0
GCATCGGCAGAATTCC	6.69850199515929	1
GCATCGGTCACTTCTA	4.0510127531883	1
GCATCTCAGAAACTCA	3.7463976945245	0
GCATGATAGAAGTCCG	7.03456640388114	1
GCATGATAGGGCTTCC	9.12080304603669	1
GCATGATGTGGCTAGA	10.3825136612022	2
GCATTAGAGCACTAGG	4.76776376499539	5
GCCAACGAGCAGATAT	7.46173469387755	0
GCCAACGAGCTGACCC	3.0672708260718	0
GCCAACGCATTGAGGG	1.73969072164948	0
GCCAACGGTACTGGGA	4.56970540477847	0
GCCAGCAAGTGGACTG	9.0314644568173	1
GCCAGGTAGAGCTGCA	4.98392282958199	0
GCCAGGTTCCAGGACC	7.25336038549328	0
GCCAGGTTCCGTTGAA	5.64248458985301	1
GCCAGTGAGGTAGCAC	5.6739041376485	0
GCCAGTGTCGCTATTT	8.1447963800905	0
GCCATGGCAGACTGCC	6.77697588452737	0
GCCATTCAGGGTGAAA	4.95621716287215	0
GCCATTCCATCCGGTG	5.90781767252355	0
GCCCAGAGTTGCGGAA	7.51049259995582	0
GCCCGAAAGGTACAAT	11.4691215957039	0
GCCCGAAAGTGGCCTC	10.0482846251588	1
GCCCGAAGTAGACAGC	5.73630136986301	0
GCCCGAAGTAGTCACT	7.24061810154525	0
GCCCGAATCCTCACGT	7.88881840724295	0
GCCTGTTCAACTTGCA	8.15123135622615	0
GCGATCGGTGAGACGT	9.67020681945221	0
GCGATCGTCCTCCACA	8.78021148036254	1
GCGGAAACAAGGTACG	8.0103663564613	1
GCGGAAACACGCTATA	6.59355723098012	2
GCGGAAAGTCAAATCC	7.10749806984877	3
GCGGAAATCCGTTGGG	6.6804979253112	0
GCGGATCAGCTTTCTT	7.47176368375326	2
GCGTGCAAGACACACG	7.00325732899023	0
GCGTGCAGTTCTCCCA	8.08099233856257	0
GCGTTTCAGACCCTTA	13.4671532846715	0
GCGTTTCCAGGGTTGA	5.66037735849057	1
GCTACAACAGTTTGGT	5.52426754413719	3
GCTACAATCATCGGGC	6.53944020356234	0
GCTACCTAGCTGTTCA	5.80637654177333	0
GCTACCTTCATGTCAG	12.3762376237624	6
GCTGCAGAGCTGAAAT	3.10077519379845	0
GCTGCAGAGTCCTGTA	5.85729499467519	0
GCTGCAGCAGCACCCA	6.10826627651792	0
GCTGCAGGTTGTTTGG	5.12820512820513	0
GCTGGGTCACGTCGGT	5.65473222299791	3
GCTGGGTCAGCAGTTT	11.2230906348553	1
GCTTCACCAGGTCAAG	10.5944673337257	2
GCTTGGGCACACGCCA	7.10106382978723	0
GCTTGGGTCTAGACCA	6.02542841348812	0
GCTTTCGCATGGGATG	4.36117936117936	0
GGAAGTGAGGCATTTC	7.72228989037759	5
GGAAGTGGTATGAGAT	9.93684210526316	4
GGAAGTGTCACTTTGT	5.34653465346535	1
GGAATGGCAATCCTAG	8.26694160652357	3
GGAATGGTCGGCTGAC	9.13930789707187	2
GGACGTCCAGTTTGGT	9.36254980079681	0
GGAGAACCATGAAGCG	8.13478556841389	0
GGAGAACGTGCTATTG	6.40911121036177	0
GGAGATGAGCTGCCAC	7.41676329302634	1
GGAGATGTCTGTTCAT	8.28354155350353	0
GGAGATGTCTGTTGGA	7.84074751167987	1
GGAGCAAAGCTCTATG	3.82882882882883	0
GGAGGATAGATCCAAA	5.37989617744219	0
GGAGGATAGGTTTACC	4.9266862170088	0
GGAGGATCACCTGTCT	7.91024194559358	2
GGAGGATGTGAATTAG	4.64578515871348	0
GGAGGTATCGCTTGAA	6.13160518444666	0
GGAGGTATCTGCATAG	7.64518500367557	2
GGCACGTTCAAGCCCG	5.60620492584025	3
GGCGTCAAGACACACG	6.46930959527999	0
GGCGTCAAGATCCCAT	6.94698354661792	0
GGCGTCACATGTGCTA	6.82367149758454	2
GGCGTCATCATTATCC	4.80373318693385	0
GGCTGTGAGTCATGCT	6.36457973019716	5
GGCTTGGCACTTGACA	8.68632707774799	3
GGCTTGGCAGCAGACA	7.26137029084521	0
GGCTTGGCATCGCTCT	6.94477364304338	2
GGCTTGGGTCTGTTAG	3.99036807705538	0
GGGAAGTAGGCTCTAT	11.869140235388	1
GGGAAGTCACGCACCA	7.13073005093379	0
GGGACAATCGGAGTGA	8.78734622144112	0
GGGACTCGTGCGTGCT	3.1441717791411	1
GGGAGATAGCCGTCGT	5.90568532393125	0
GGGAGTACACGTAACT	7.72258669165886	2
GGGAGTACACGTGTGC	7.80625832223702	2
GGGATCCCACAGCCAC	5.62955516461423	0
GGGATCCCACGCAGTC	6.32611637347767	0
GGGATCCCATGCCGAC	4.75206611570248	0
GGGATCCGTATGGTAA	10.0976828714221	2
GGGATCCTCGGTCTAA	7.90895797571365	3
GGGATGAAGACATCCT	5.51740468860999	0
GGGATGAAGTACCATC	9.74729241877256	2
GGGATGACACATATGC	9.13477002251528	0
GGGATGACATCTAGAC	7.33662145499383	1
GGGATGATCAAATGAG	8.35698070374574	0
GGGCTACAGTAACAGT	6.42367376398412	0
GGGCTCATCGTGTGGC	8.28589500316255	0
GGGTAGAGTTAGAGAT	5.48657233612475	0
GGGTAGATCACCGACG	5.4270462633452	0
GGGTAGATCATTCGTT	5.45246931201827	0
GGGTATTAGTAGGAAG	8.17813765182186	2
GGGTCACTCGTGTCAA	5.90292060880296	0
GGGTCTGGTATGCTTG	9.78395061728395	0
GGGTGTCCACATGAAA	5.8711844603476	0
GGGTGTCGTAGATCCT	4.06768630003254	1
GGGTTATAGACCATGG	6.88417618270799	0
GGGTTATGTGAGATTA	6.2016555842041	1
GGGTTTACAAGGCCTC	7.08997722095672	5
GGTAACTCATCAGTGT	7.78236914600551	1
GGTAACTCATGCACTA	10.2856394129979	5
GGTAACTGTACAAGCG	6.76092544987146	0
GGTAATCCACTGTCCT	11.3532691332995	6
GGTAATCGTTTACGTG	7.49542961608775	1
GGTAATCTCGTCAGAT	7.91125994139807	0
GGTCACGCATCCTTGC	4.8901969662667	0
GGTCACGTCATCTACT	5.6422569027611	0
GGTCACGTCGACGCGT	4.94194700803811	0
GGTCACGTCGCTGTTC	13.5789691575243	0
GGTCTGGAGCATTTGC	4.67234792829856	0
GGTCTGGGTGGTCTAT	10.8681135225376	5
GGTGAAGAGGTTGAGC	7.44285993358078	1
GGTGAAGGTATCTCGA	5.85189021232522	0
GGTGAAGGTCTACACA	6.36335690132186	0
GGTGATTCAGACTCTA	10.4305215260763	0
GGTGATTCATCTTCGC	6.64530892448513	3
GGTGATTGTGGGCTTC	5.6831566548881	0
GGTGATTTCCATATGG	6.73822301729279	0
GGTGGCTAGAATTGCA	6.20534035351636	0
GGTGTCGAGCTTCATG	4.27230046948357	0
GGTGTCGAGTCGAATA	7.88870703764321	0
GGTGTCGTCGCTGTCT	5.84477046852816	0
GGTGTTAAGGTCGCCT	5.88754134509372	0
GGTTAACTCATCCTAT	6.64568454182302	0
GGTTCTCCACTGAATC	5.09868421052632	0
GGTTCTCGTATCCTTT	7.93843170524785	1
GTAACACAGACCGCCT	7.45462402765774	2
GTAACCAAGTAGACCG	5.58566069195498	0
GTAACCATCACCGCTT	6.29802242095982	2
GTAACCATCTCGCAGG	8.36093660765277	0
GTAAGTCAGAGCACTG	10.3861119425322	2
GTAATGCAGAAACTAC	2.06265810468963	3
GTAATGCAGCCGCACT	7.08304735758408	1
GTAATGCCAAGGTCAG	7.10113389073417	3
GTAATGCGTGCACAAG	7.96490043874452	0
GTAATGCTCAAGTTGC	8.93939393939394	0
GTACAACAGGACAACC	6.09756097560976	0
GTACAACAGTTACTCG	5.39112050739958	0
GTACAGTGTAGGACCA	8.30901551221011	1
GTAGAAAAGTACTCGT	10.4477611940298	2
GTAGAAAGTTCTTAGG	6.98124153935409	3
GTAGAAATCGAGATAA	8.84631064003261	4
GTAGAAATCTCTCTAA	10.9683281412253	0
GTAGAGGCACTGGATT	7.12537394615175	1
GTAGATCAGTAACGTA	5.32915360501567	0
GTAGATCTCGCCTCTA	5.10948905109489	0
GTAGGAGGTTTGAAAG	4.46397188049209	0
GTAGGAGTCGTCCATC	11.179876222799	1
GTAGGTTCAAAGAACT	6.99217050891692	0
GTAGGTTCAATACAGA	7.51046540261019	1
GTAGGTTGTGACAACG	4.82606565409113	0
GTAGTACCAATCACGT	5.76852866009493	0
GTAGTACGTGAGAGGG	8.64594498035012	0
GTATTGGAGAGGATGA	6.720741599073	0
GTATTGGAGATACGAT	4.9624551093699	0
GTATTGGTCAAGTTGC	8.08934500452762	0
GTATTTCTCTTGGGCG	3.19843342036554	0
GTCAAACCAGACATCT	5.03688628847621	0
GTCAAACTCACCATCC	5.09063819220263	0
GTCAAGTAGAATCGAT	5.94608538630208	1
GTCAAGTCAAATTGCC	3.57615894039735	0
GTCAAGTCACGTACAT	5.7488986784141	2
GTCACGGTCCCGTGTT	5.58518102722425	0
GTCACTCCAAATACAG	7.83523801693661	1
GTCACTCGTCCGGATC	9.36267386340046	0
GTCAGCGAGGGCCAAT	8.62018240659017	0
GTCATGAAGCACCGTC	6.4431867653461	0
GTCATGACATCGTCCT	5.79443550241435	0
GTCCTCAGTCAAGTTC	5.41208791208791	0
GTCCTCAGTGGCTAGA	6.90854870775348	0
GTCCTCAGTTACGGAG	8.62038193824737	0
GTCCTCATCGGCATAT	6.65263157894737	0
GTCGAATAGGGTCACA	11.6982654296087	0
GTCGCGATCAGTGTGT	3.92485743039249	1
GTCGTAAAGGTATAGT	8.06100217864924	0
GTCGTAAGTTCTAACG	8.25688073394496	1
GTCGTAATCTGGTTGA	6.98955916473318	0
GTCGTTCTCATCGCCT	6.00682593856655	2
GTCTACCTCATGACAC	5.44276457883369	0
GTCTAGACAAATCGTC	5.43615676359039	1
GTCTAGACAGGACAGT	8.02085422097453	4
GTCTAGAGTCCACACG	10.9452736318408	4
GTCTCACCACCGTGCA	6.2964338781575	0
GTCTCACGTATCATGC	4.94692569597436	0
GTCTCACTCGCTACGG	7.10110041265475	0
GTCTGTCAGGTAAGAG	8.13953488372093	0
GTCTGTCTCCGTTGGG	8.52561595619867	0
GTCTGTCTCTAGTACG	8.22669104204753	0
GTCTTTAAGCGTGTCC	6.50861104898233	2
GTCTTTACAACGGTAG	5.55941626129256	0
GTGACGCGTTTATGCG	7.9727137070987	0
GTGACGCTCTTGATTC	4.69948849104859	0
GTGAGCCAGCGGTAAC	6.12806403201601	0
GTGAGCCTCTGAGTCA	9.08830275229358	0
GTGAGCCTCTTGGCTC	8.7378640776699	0
GTGAGGAAGAGCTGAC	8.45470692717584	0
GTGAGGAAGTAAGACT	5.17503805175038	0
GTGAGGATCTTCCTAA	6.12939841089671	0
GTGAGTTCAGCCGGTT	6.61731281252029	3
GTGAGTTTCCTCTCGA	4.6277145811789	0
GTGATGTCAGCTTCCT	9.41835645677695	4
GTGATGTGTCATAACC	5.5544495321521	0
GTGCAGCAGGCACAAC	4.85678704856787	0
GTGCAGCTCCCTGGTT	5.29547198772064	2
GTGCGTGAGCGCGTTC	7.50271837622327	0
GTGCGTGGTCATTGCA	10.991668906208	1
GTGCGTGTCCGCTAGG	8.23464610300193	0
GTGCGTGTCTGGGTCG	5.59731816334823	1
GTGCTGGGTGCCTTTC	6.20531884472405	0
GTGCTTCAGCTTTCCC	7.83050185510642	3
GTGCTTCTCTCGCCTA	6.81701691440287	0
GTGGAAGCATGGCTAT	9.08534720097889	0
GTGGAAGTCCTGGTCT	2.36686390532544	0
GTGGAGACACCGTGCA	9.20716112531969	4
GTGGAGATCATTGTGG	6.71589661710408	3
GTGGGAAAGGAACGAA	5.69327158812313	0
GTGGGAACAACCAACT	8.72638634978671	0
GTGGGAAGTCTAGGCC	6.76818950930626	5
GTGGGAAGTGTGAGCA	4.5718901453958	1
GTGGGAATCATTCGGA	7.53172329103561	0
GTGGTTACAAAGGTTA	6.12283345892992	1
GTGGTTATCCGGTTCT	3.92772977219167	1
GTGTAACAGGGTCACA	5.50641309155241	0
GTGTCCTAGCTCCCTT	5.09466437177281	0
GTGTCCTAGGCATCAG	11.3363732023851	1
GTGTCCTAGTAGTCAA	5.77204805156754	0
GTGTCCTCACGCTTAA	8.15307820299501	3
GTGTCCTCATCCGTGG	8.72986137130011	0
GTGTCCTGTCCCTGTT	6.46203554119548	0
GTGTGATCAATTAGGA	7.25748502994012	0
GTGTGATTCCTAGAGT	9.2257360959651	1
GTGTGGCGTGTTCCTC	8.84353741496599	1
GTGTGGCTCGTGTGAT	7.01594751209233	3
GTGTTAGGTAGTCACT	7.80514306410721	1
GTGTTAGTCCCGTGAG	6.07621009268795	0
GTGTTAGTCGTAGCTA	8.60778443113773	6
GTGTTCCTCTGAGAAA	8.95426240068714	1
GTTACGACATGCCGAC	9.6031746031746	3
GTTACGAGTCCAAATC	4.50754567116759	0
GTTACGAGTCTGTGTA	6.15151515151515	0
GTTACGATCGCTAATG	7.78072502210433	0
GTTAGTGCAGCACAGA	7.68086781558919	3
GTTAGTGCATTCAGCA	7.90687458818362	5
GTTAGTGGTCTTGTCC	7.13391739674593	2
GTTAGTGTCCACGAAT	9.32456664674238	6
GTTAGTGTCCGTGGCA	8.88468809073724	0
GTTAGTGTCTTAGGAC	5.4718875502008	0
GTTATGGAGTGGCCTC	9.72601244405632	1
GTTATGGCATAGGCGA	7.40472744814279	3
GTTCATTAGACGGATC	7.45328118209474	0
GTTCATTTCATTACCT	9.99390615478367	0
GTTCCGTAGTGGACGT	7.55084981889106	0
GTTCCGTCACTTGAGT	8.85836096636665	1
GTTCCGTTCCCATTTA	5.80708661417323	0
GTTCGCTAGGCGCTTC	6.43927319094677	0
GTTCGCTAGGGAGAAT	10.5810757754221	0
GTTGAACCAGCAATTC	9.33579335793358	0
GTTGCGGAGTCACAGG	7.13699753896637	1
GTTGCGGGTATACGGG	8.05529075309819	2
GTTGCGGGTATTGAGA	5.80313418217434	1
GTTGCGGGTTAGGCTT	3.98392451511445	0
GTTGCTCAGCAGGTCA	7.94090489381348	4
GTTGTAGAGACAACTA	7.05087939698492	5
GTTGTAGGTTCAAGTC	7.27868852459016	0
GTTGTCCAGTTCATGC	7.79619398403929	0
GTTGTCCGTCTTCATT	9.72059168818972	0
GTTGTCCTCACTTTGT	6.34768740031898	0
GTTTACTCATAAGCGG	7.37645348837209	0
GTTTACTGTTCTTGCC	4.08163265306122	0
GTTTGGAGTTAAACCC	7.25577624645318	1
GTTTGGATCGTGTTCC	6.01291364003228	0
TAACACGAGTGGAAGA	7.63594292325492	2
TAACCAGGTTGGGATG	10.1310483870968	1
TAACCAGTCCTCTCTT	6.5093572009764	5
TAACGACAGGTCGTCC	9.812529663028	1
TAACGACCAGGGAGAG	7.09348854128774	0
TAACTTCAGGCTTTCA	4.77373068432671	0
TAACTTCGTACGGTTT	5.15021459227468	0
TAACTTCTCAATCCAG	11.9814410480349	0
TAAGCACGTGCCTAAT	10.221421215242	0
TAAGCACTCCACGGGT	4.90470139771283	0
TAAGCACTCCCTTCCC	7.4245224892175	2
TAAGCACTCCGGACGT	6.05660377358491	0
TAAGCCAAGAGCTGCA	7.25589728277098	0
TAAGCCAAGTTCATGC	6.90811535881958	3
TAAGCCACACACTTAG	13.6833731105807	6
TAAGCCAGTCCTTAAG	5.07692307692308	1
TAAGCCAGTGGACTGA	8.94854586129754	2
TAAGCCATCGCGCTGA	11.4301233801505	1
TAAGCCATCTCGCGTT	6.13451589061345	0
TAAGCGTAGACTCGAG	5.1433389544688	0
TAAGCGTCATTGACTG	5.51523947750363	0
TAAGCGTGTGGCTTAT	6.38356164383562	0
TAAGCGTTCGCGTTTC	6.82403433476395	0
TAATCTCAGACGCAGT	2.5130890052356	0
TAATCTCAGGTGCTAG	5.37563702120664	0
TAATCTCAGTATCTGC	10.6267806267806	0
TAATTCCAGCGATGAC	5.3740779768177	0
TACATTCCATAATCCG	4.23256514535322	0
TACATTCGTCGCTCGA	5.26998961578401	0
TACATTCGTCTCTCAC	7.38157512351061	4
TACCCGTAGCGACATG	7.93524416135881	0
TACCCGTAGTTCATCG	6.78241996744438	2
TACCGAAGTGTCATCA	9.1413032109612	2
TACCGGGGTAGGCAGT	6.14849187935035	0
TACCGGGTCGTGGCGT	8.07119205298013	1
TACCTCGAGAACAAGG	9.14634146341463	0
TACCTCGTCGTTATCT	8.93684106808553	2
TACCTGCAGGGAGAAT	6.56205420827389	0
TACCTGCAGTGCAACG	5.76976421636616	5
TACGCTCCAAGTGGTG	8.78320479862896	3
TACGGGCAGCACTTTG	5.36372779081462	0
TACGGGCAGTGCACCC	6.31047538914598	1
TACGGGCTCAAACGTC	13.8881526636629	2
TACGGGCTCGCCATAA	6.31519594023118	0
TACGGTAAGAGAGCAA	5.52238805970149	0
TACGGTACATCGCTCT	8.00879013551459	0
TACGTCCGTAGACGGT	5.64304461942257	5
TACGTCCTCCATCCGT	8.13953488372093	0
TACTGCCGTAACGGTG	8.68431608503811	0
TACTGCCGTTGCATAC	10.6830122591944	0
TACTGCCTCCGCCTAT	6.19086239524196	0
TACTGCCTCTCAAAGC	7.63714141922496	1
TACTTACCATAGCACT	9.41110171879403	4
TACTTACCATCCGAAT	8.54808296668762	1
TACTTACGTGAGTGAC	8.29783293202445	0
TACTTCAGTACTAACC	4.60028050490884	4
TACTTGTCAAACGAGC	4.51923076923077	0
TACTTGTGTAAGATCA	6.0702875399361	0
TAGACCAGTAACACCT	8.48507602778299	1
TAGACCAGTCGTTCAA	5.8351976137211	0
TAGACTGCACGTACTA	5.98516949152542	1
TAGACTGCACTCCGGA	6.35179153094463	0
TAGACTGGTTTAAGGA	8.55350066050198	0
TAGAGTCTCCATATGG	5.62628336755647	0
TAGCACAAGCTCTGTA	3.34359876814782	0
TAGGAGGAGCCATTTG	6.48176062707266	0
TAGGAGGCATGGCTGC	6.86274509803922	0
TAGGAGGGTTGCACGC	6.00466381655655	0
TAGGGTTGTCTGCCTT	5.31568669993491	0
TAGGGTTGTGTTAAAG	8.71361839741286	1
TAGGTACCAATCGCGC	5.73868149324861	2
TAGGTACCACGCTGCA	10.2866029771162	1
TAGGTTGCAGCTGCCA	13.4467265725289	0
TAGGTTGGTTGGGAAC	5.21168606090616	1
TAGTGCAAGTAGTGCG	8.85534024335286	0
TAGTGCAGTGTGGTCC	8.03309314117961	0
TATACCTTCTGGGATT	6.54512851165571	0
TATCCTAGTATCGGTT	7.93395086588804	1
TATCTGTAGGTCCCGT	4.57700243856687	0
TATCTGTAGTCCCAGC	5.55662004215367	0
TATCTGTCACGCTTAA	8.41915085817525	0
TATCTGTTCAGGAGAC	5.41810984661059	0
TATCTGTTCCGCAAAT	3.39072013436909	1
TATCTTGTCCAGTGTA	4.06356869845102	0
TATGTTCAGGGTGAAA	10.7545045045045	6
TATGTTCGTGACGTCC	6.8058568329718	5
TATTCCAAGATGCCGA	6.71256454388985	0
TATTCCAAGTTGCATC	7.15417106652587	0
TATTCCACACATTACG	6.75176352032247	2
TATTCCAGTAGTGTGG	11.5455100794136	1
TATTGCTGTATGCGTT	9.07202216066482	0
TATTGGGAGACGGTCA	5.31570426335672	1
TATTGGGCAGACTGCC	5.24475524475525	0
TATTGGGCATGAAGGC	6.5429380308273	0
TATTGGGGTGTGAGCA	11.9499768411302	1
TATTGGGTCAAGATAG	10.052405907575	0
TATTGGGTCAATCTTC	5.97600872410033	0
TATTTCGTCTGCCTGT	8.27891299768275	0
TCAAGACCAATTGAGA	3.10988251554941	0
TCAAGCAAGCGTGAAC	7.7646763672855	2
TCAAGCATCTCCCATG	6.71496238506548	0
TCAATCTCAGCAGACA	7.66109198229218	1
TCAATCTGTCCGTACG	5.99625234228607	0
TCAATTCCATTCCTAT	8.11394044022443	2
TCACACCAGAGGGTCT	6.42317380352645	0
TCACACCAGCACACAG	2.8137128072445	0
TCACACCAGCAGTAAT	6.76166526962839	0
TCACACCCAGCATACT	6.3094818470215	5
TCACACCTCATGAGTC	3.52164343360235	0
TCACATTAGTTATGGA	5.08216676810712	0
TCACATTGTCGAATGG	8.0048270313757	0
TCACGCTAGAATCGTA	7.23790573311777	1
TCACGCTTCGTTACCC	6.28320628320628	0
TCACGGGGTCAACCAT	7.7883361281908	2
TCACGGGGTCTGATAC	4.55776173285199	0
TCACTCGCAATACCCA	3.914390312588	0
TCAGCAAGTTGTAAAG	7.14454696001893	1
TCAGCCTCAGTGAGCA	8.42289427643089	4
TCAGCCTGTCGAACGA	8.3679739743358	2
TCAGGGCGTCGTAATC	8.77022653721683	0
TCAGGGCGTGATTCAC	8.6620644312952	0
TCAGGTATCTTTGATC	9.43960149439602	0
TCAGTCCCATGGGAAC	5.21739130434783	0
TCAGTGAGTATCCCTC	8.80503144654088	0
TCAGTTTCACTGGCCA	7.38899933730948	0
TCAGTTTGTACAGAGC	3.82257482870537	0
TCATACTAGGAGAGGC	7.32341129222773	0
TCATACTTCCACGTAA	4.14993306559572	0
TCATACTTCCCATTTA	5.1943055021162	0
TCATATCAGGAAGTGA	9.2781423523473	4
TCATATCTCACTTTGT	5.08731966590737	0
TCATCATCATGGACAG	6.17065249483319	0
TCATCATGTTAGTTCG	6.11764705882353	0
TCATGAGAGATAACAC	4.30955993930197	0
TCATGAGAGTTGCTGT	8.26423438363737	0
TCATGAGTCCTCTAGC	5.54177005789909	0
TCATGCCCAATTAGGA	7.70653514180025	0
TCATGCCGTCAACATC	12.7513227513228	6
TCATGCCGTTCTCGCT	5.12548603746907	0
TCATGCCTCACTGATG	7.30797912005966	3
TCATGTTAGCCTCCAG	5.86088014601501	1
TCATGTTTCATTTCGT	4.53320264641019	0
TCATTACGTAGTATAG	7.51528805922111	0
TCATTACGTTCGTTCC	6.76729559748428	0
TCATTACTCTGCATAG	14.6981165287801	0
TCATTCAAGCGTCTGC	8.65080839992567	1
TCATTGTAGATTGATG	6.63833805476865	3
TCATTGTCACCACTGG	5.65201329885482	0
TCATTGTGTAGGCAGT	7.50802667325265	0
TCCACCACATCGATAC	4.5134500812421	0
TCCACCATCATATGGC	5.66237058947813	0
TCCACGTAGATCACTC	7.48404255319149	1
TCCACGTTCTTTGCAT	7.21466587817859	2
TCCAGAAAGACTTCCA	8.45490716180371	0
TCCAGAAAGGGACAGG	9.18290854572714	1
TCCAGAAGTAATGATG	8.06848701880036	1
TCCAGAAGTGGAAGTC	8.5286783042394	0
TCCAGAAGTGGTCTTA	6.64601520698395	0
TCCATCGTCGCGAAGA	6.38398115429918	0
TCCATGCGTGTTACAC	7.18285214348206	3
TCCATGCTCTCATTTG	3.60134003350084	0
TCCCACAGTGCCCAGT	10.8190976784932	2
TCCCAGTCACAAGTTC	5.63318777292576	0
TCCCAGTGTCACCGAC	5.64735790811694	1
TCCGAAAGTGGACCAA	10.5523903889027	2
TCCGAAAGTTTACCAG	5.62448304383788	0
TCCGATCTCGTCAGAT	6.20052770448549	0
TCCGGGAAGGCTAGCA	7.35785953177258	0
TCCGGGACATGGGATG	6.6206463759021	0
TCCGTGTGTACGCTTA	10.2569511834944	1
TCCTAATGTGGGACAT	4.97829232995658	0
TCCTCCCAGTAAATGC	9.45807770961145	0
TCCTCGAGTACCTAAC	11.5422157149829	4
TCCTCTTAGTAGTCCT	9.49211402112574	1
TCCTCTTGTGTTCGAT	8.68031658637302	3
TCCTCTTGTTGTGCAT	6.61694700095208	1
TCCTCTTTCGTCAAAC	7.27349169644734	4
TCCTGCAAGAAACTGT	5.3336641032002	0
TCCTTCTAGCTAAACA	6.94205393000574	0
TCCTTCTAGCTATCTG	11.3227354529094	0
TCCTTCTCATGATGCT	8.79298407569813	1
TCCTTCTTCAAGCTTG	5.49009776886438	0
TCCTTTCCACCAGCGT	2.62982689747004	0
TCCTTTCTCATTTCGT	9.82252141982864	4
TCGAACACACTTACAG	6.69421487603306	0
TCGAAGTAGCGTTGTT	5.39742212674544	0
TCGAAGTGTCTAACTG	9.09090909090909	1
TCGAAGTTCCCGAACG	4.66937354988399	0
TCGACCTAGTAAGGGA	9.11882100092109	1
TCGATTTAGCCTCAGC	6.41442026632023	1
TCGATTTGTCAACCAT	7.64424843807424	0
TCGCAGGCAATTCTCT	8.23235923022096	0
TCGCAGGCAGCTGTTA	7.65324628219079	0
TCGCAGGTCAAGTTGC	6.80800238877277	0
TCGCTCAAGCTCTTCC	4.12818515633693	1
TCGCTCACACCCTGTT	9.28844317096466	4
TCGCTCACATGCTGCG	5.94583157003809	0
TCGGATATCGTTGTTT	7.41612713360801	0
TCGGGACGTACGATCT	6.31868131868132	0
TCGGGACTCGCATTGA	6.67015889645539	1
TCGGGCATCAAGCCTA	5.93493916066551	0
TCGGGTGAGATGCTGG	5.69420035149385	0
TCGGGTGAGGCGAAGG	11.2639724849527	2
TCGGGTGCATCGCTCT	5.69715142428786	0
TCGGGTGGTACTGTTG	9.26057169855894	3
TCGGTCTAGGCATCGA	7.66583229036295	1
TCGTAGAAGAGTCAGC	4.91361902625084	0
TCGTAGAAGATGACCG	6.47524752475248	2
TCGTAGAGTCCTCATC	8.41943284238294	1
TCGTCCAGTGTGAATA	6.9601956860129	1
TCGTCCATCGGAGCAA	7.60233918128655	1
TCGTGCTAGAGTTCGG	5.72289156626506	0
TCGTGCTGTACACTCA	5.78871201157742	0
TCGTGGGAGTAATACG	9.04248235450792	3
TCGTGGGGTATGATCC	7.03448275862069	0
TCTACATAGAGGCGGA	5.86630286493861	0
TCTACATCATATCTGG	8.75	0
TCTACATGTGAGCCAA	5.16838166510758	1
TCTACCGAGGTTCTAC	9.40898345153664	1
TCTATCAAGAGGATGA	8.81889763779528	0
TCTATCAAGATTGATG	8.65815226405706	1
TCTATCAAGCTTCATG	5.54583624912526	4
TCTATCAAGGATATGT	6.84491978609626	0
TCTCACGCATCATCCC	5.62537402752843	0
TCTCACGGTCCTACAA	5.57806170146463	0
TCTCCGACAGCTGAAG	5.02495840266223	0
TCTCCGACATAAGATG	4.72699696663296	0
TCTCCGATCCGCGAGT	7.00636942675159	0
TCTCTGGCAGCTGTCG	5.45012165450122	1
TCTCTGGTCAATCCAG	7.61494252873563	0
TCTGCCATCGTGCAGC	4.20248328557784	0
TCTGGCTTCCTGTAGA	7.0110013052396	1
TCTGTCGTCGCCAGTG	8.17621803248087	1
TCTTAGTCAGACGATG	6.71733966745843	3
TCTTCCTCAACTGCTA	5.59377804367335	0
TCTTCCTCAATCAAGA	7.45624005455785	0
TCTTTGAAGCTGTTCA	8.29172610556348	1
TCTTTGAGTGACCGTC	12.3698605964355	1
TGAACGTAGATGGGCT	7.67334360554699	0
TGAACGTCACAGCCAC	8.87764489420423	5
TGAACGTGTGAGCAGT	8.10068649885584	0
TGAATCGGTAGAGGAA	5.1441753171857	0
TGAATCGGTTGAGAGC	11.750694720127	2
TGAATGCAGCACCGTC	5.58425240820885	0
TGACAGTTCACGATAC	5.44530493707648	1
TGACAGTTCCGCAACG	6.43489527099978	0
TGACCCTAGGTCATTC	8.24012782469756	3
TGACGCGCACTCCGGA	3.33487725798981	0
TGACGCGCAGTCAGCC	5.99099099099099	1
TGACGCGCAGTTGTTG	5.70327552986513	1
TGAGACTAGTCACAGG	7.93619535250098	0
TGAGCATCACGACTAT	8.50279613624809	2
TGAGGAGAGTCGGGAT	10.3527929441411	0
TGAGGGAAGGACGCTA	5.49375709421112	5
TGAGGGACATATGAAG	5.22218618228998	0
TGAGGGACATGGTACT	14.9442379182156	6
TGAGGTTCAAGTATAG	11.0285967634671	4
TGAGGTTCATTGCAAC	7.42448137813903	1
TGAGTCATCCGTAGTA	9.79059515062454	1
TGAGTCATCCGTGGCA	7.51211631663974	0
TGATCAGCAAGTGACG	7.40067151650811	0
TGATCAGGTTACGATC	7.85830907929296	3
TGATGGTAGAGCAGAA	4.074430542188	5
TGATGGTGTTATGTGC	6.79205851619645	0
TGATTCTAGATGACCG	6.91566265060241	1
TGATTCTCACTTACAG	6.82178741406663	0
TGATTCTGTCGCCTAG	6.65588790083535	0
TGATTCTTCTTGATTC	14.0261627906977	6
TGATTTCTCCGTCAAA	8.0226904376013	0
TGCACGGAGCAATTAG	5.10312004230566	0
TGCACGGAGTCATCCA	7.92971389952692	0
TGCACGGTCCATATGG	6.80194805194805	4
TGCAGGCGTCGATTCA	7.00532568619418	0
TGCAGGCTCTGAGATC	5.53520553520554	0
TGCAGTAAGCGTTCAT	3.76928914748292	0
TGCAGTATCAGACTGT	4.79838709677419	4
TGCATCCAGCCGGAAT	4.8205596107056	0
TGCATCCGTACGGCAA	10.2702041814403	0
TGCATGAGTCAGTCGC	3.88739946380697	0
TGCATGATCTGAGGTT	6.3368349711962	0
TGCCGAGAGACTTCCA	4.66243938828795	0
TGCGACGCACCACATA	7.36929566662406	1
TGCGACGCACGTCTCT	8.49428458809618	0
TGCGACGGTCTAATCG	6.00739371534196	0
TGCGATAGTATCAGCT	5.01693480101609	0
TGCGGGTCACGTCGTG	6.04255319148936	0
TGCGGGTGTCGCAACC	5.8695177831115	0
TGCTCCACAATTCTCT	8.33074292819397	5
TGCTCCAGTTCTGAGT	7.08396946564886	0
TGCTCGTCATAGCACT	4.16062926930242	1
TGCTGAACAGTTTCAG	3.92477514309076	0
TGCTGAATCCCATGGG	7.76722668614561	0
TGCTTCGAGCGTTACT	7.59519446141315	0
TGCTTCGAGTAATCCC	7.50684931506849	0
TGCTTCGCAGCAGATG	5.54681353265146	0
TGGAGAGAGGTGCTAG	13.1390593047035	2
TGGAGGAAGCGGGTAT	6.67123287671233	3
TGGCGTGGTCTCAGAT	7.51798282929848	3
TGGGAAGAGACGACTG	7.96299105111482	2
TGGGAAGTCCATTTAC	14.9226569608735	6
TGGGAAGTCTAGTCAG	10	0
TGGGATTGTACTGTTG	6.87160940325497	6
TGGGATTGTGATACAA	4.97630331753555	0
TGGGCGTAGATTCGAA	8.16993464052288	1
TGGGCGTAGGCATCTT	6.55332302936631	0
TGGGCGTAGTATGAGT	13.7957911145752	0
TGGGCTGTCGATCCCT	5.48557496952458	0
TGGGTTAAGCGCTTCG	3.94088669950739	0
TGGTACACAAGAGTAT	6.16966580976864	0
TGGTAGTGTGACTCTA	6.76382660687594	0
TGGTTAGAGAGCAAGA	5.19593613933237	0
TGGTTAGCAATGTGGG	11.5169964485033	0
TGGTTAGTCAAGGTGG	8.05265195509098	0
TGTAAGCAGGTGCAGT	6.56653186982476	0
TGTAAGCAGTCCCTAA	7.06955530216648	2
TGTCAGAGTGTAGCAG	6.13737268216244	0
TGTCAGATCATTGTTC	10.4961490238223	1
TGTCCACCACAAGTTC	4.61853259280912	0
TGTCCACCATTGTAGC	4.76772616136919	0
TGTCCACGTCGCATTA	6.01049868766404	0
TGTCCCAAGGTGGCTA	4.56443083774005	0
TGTCCTGGTTCATCTT	5.37869428870094	0
TGTCCTGTCGCTCATC	6.70463370437484	0
TGTGAGTCAGATGCGA	10.334788937409	0
TGTGCGGAGAGCACTG	2.61993273145689	1
TGTGCGGGTATCGAAA	5.83365421640354	2
TGTGGCGTCAACTGAC	8.07057057057057	0
TGTGTGAAGACTGTTC	5.11064278187566	0
TGTGTGAGTACCTAAC	7.58620689655172	4
TGTGTGAGTAGGAGGG	13.1552917903066	0
TGTGTGAGTCCGCAGT	11.6178343949045	0
TGTTACTCACAGGATG	5.36352800953516	0
TGTTACTCACGGCTAC	7.35218508997429	5
TGTTCATCAAGGTCAG	9.1866028708134	0
TGTTCATTCAGTGGGA	8.12238389475782	1
TGTTCCGCAGAATCGG	6.95468914646997	0
TGTTCCGGTCTTCTAT	2.46913580246914	0
TGTTCCGTCTTCTCAA	9.83094189515556	1
TGTTGAGAGGGTAGCT	7.81458214353703	2
TGTTGAGGTCGTTGGC	3.11997426825346	5
TGTTGGACATGGAATA	8.01439319594373	4
TGTTGGATCGACGTCG	5.28441602154157	0
TGTTTGTCACCAAATC	7.9136690647482	1
TGTTTGTTCCGTCCTA	7.12656784492588	0
TTACAGGAGACCAACG	6.31359248630316	0
TTACAGGGTACCAATC	5.70185482024273	0
TTACAGGGTACGGCAA	12.2260956175299	0
TTACCATAGATTCGCT	6.318449873631	0
TTACCATGTGCAAGAC	7.50980928916872	3
TTACCATTCGTCAGAT	5.75252406668232	2
TTACCGCCATACACCA	3.51325455126158	0
TTACGCCAGGCCATAG	3.11519497982967	0
TTACGTTAGGGTGAAA	4.90170380078637	0
TTACGTTAGTCATCGT	6.90725649980598	0
TTACGTTCATCAGTCA	7.48091603053435	1
TTACGTTGTACAGCGA	6.69624848729326	0
TTACGTTGTAGACGTG	4.8811410459588	0
TTACGTTTCGATTCCC	4.82079228673234	0
TTACGTTTCTGATTCT	8.73434410019776	0
TTACTGTAGAGTTGCG	6.96361355081556	0
TTAGGGTCAGAGAAAG	5.05185680829709	0
TTAGTCTAGGTCCCGT	3.33141872487076	0
TTAGTCTGTAACAAGT	9.4662638469285	0
TTAGTCTGTATCATGC	10.7610415767515	0
TTAGTCTTCCGTGTAA	4.20240137221269	0
TTATTGCGTTGACTAC	6.69553115818772	2
TTATTGCTCAGATGCT	4.85619990570486	0
TTATTGCTCGGAATTC	13.090034965035	1
TTCAATCCAGAGCGTA	8.03624042427814	3
TTCACCGCACTAACCA	8.91675642406524	1
TTCACCGGTATCTCTT	5.35557506584723	1
TTCACGCAGGCCTGAA	5.88057901085645	0
TTCAGGAGTCCAAGAG	9.3683028880498	1
TTCAGGAGTGCATTTG	4.99618611746758	0
TTCATGTAGATCCCAT	6.45529197080292	1
TTCATGTCACCGCTAG	5.75995940116722	0
TTCATTGAGCTAAACA	6.75657631192415	2
TTCCAATAGTTAGTGA	10.9646079111728	0
TTCCAATCAGTCAACT	8.85043754972156	0
TTCCACGCAATACAGA	5.00088354833009	0
TTCCACGTCCGACGGT	6.08004104669061	0
TTCCGGTCAGCCGGTT	4.81459910696952	0
TTCCGTGGTCACTCTC	7.36403646651996	3
TTCCGTGTCTACAGGT	13.9161276862091	0
TTCCTAAAGAACCGCA	10.4566635601118	0
TTCCTAACATCTGGGC	4.69571750563486	0
TTCCTCTAGTGGTTAA	4.57725364781131	0
TTCCTCTCATGACAAA	4.09387918389119	1
TTCCTTCCATTCACAG	5.55072778622637	1
TTCCTTCGTAGAGATT	4.56537618699781	5
TTCCTTCGTTACGGAG	3.28877005347594	0
TTCGATTCACGACAGA	6.39825218476904	0
TTCGCTGCAGGGCTTC	5.99653379549393	0
TTCGGTCGTGCACGCT	5.35382984362576	0
TTCTAACCAATCAAGA	3.94295302013423	1
TTCTAACCAATGGGTG	4.6265697290152	5
TTCTAACCAGCGGTCT	8.07478122513922	0
TTCTAACCATGAGAAT	9.34554268785349	1
TTCTAACGTTAGAAAC	8.48610848610849	4
TTCTAGTCAGATTTCG	10.8652900688299	0
TTCTCTCAGATGAATC	5.5310621242485	0
TTCTCTCCACACGGTC	5.48	0
TTCTCTCCATTGCCTC	6.64123850123401	0
TTCTCTCGTCTCGCGA	5.96923076923077	0
TTCTCTCTCCGAGGCT	5.08394419484512	1
TTCTGTAAGCATGATA	6.36439966414778	0
TTCTGTAAGGAGTCTG	9.13509889373114	4
TTCTTCCCACCAGGTC	6.05523182163669	5
TTCTTCCGTTTGTTGG	5.73299748110831	1
TTCTTCCTCAAGGCTT	8.01693526358918	1
TTCTTCCTCGAAGTGG	14.0654499685337	0
TTCTTCCTCGACGCTG	7.56080966150706	3
TTCTTGACATCATCTT	8.94150417827298	1
TTGACCCAGTGCAAAT	3.44694035631294	0
TTGACCCTCTTAGCAG	5.28440366972477	0
TTGATGGTCACTGGGC	10.6850715746421	0
TTGCATTCAGCAAGAC	8.818279186005	0
TTGCATTCAGTTACCA	5.94089264173703	0
TTGCATTGTAGCGATG	7.15094339622642	0
TTGCATTGTAGTAAGT	6.97350069735007	0
TTGCCTGAGTCTGGTT	6.15731785944552	0
TTGCCTGCACAAGTTC	6.74470457079153	1
TTGCCTGTCGATGCAT	6.0999510044096	0
TTGCCTGTCGCTAATG	9.51243501475341	1
TTGCGTCAGATCCCGC	4.6972049689441	0
TTGCTGCTCCTGCTAC	5.86774994357933	0
TTGGATGAGGCTATCT	8.8808337109198	0
TTGGATGTCGTTAGTG	8.6315214422289	1
TTGGGATCACTCACTC	6.12412659268393	2
TTGGGATCAGTCCGTG	6.8870523415978	0
TTGGGATCATAATGAG	7.67551837031648	0
TTGGGATCATCTTTCA	5.08356545961003	0
TTGGGATTCGTTCAGA	4.45804195804196	0
TTGTGGACATGCGGTC	3.84918549658434	0
TTGTGGAGTGTGAGCA	5.12617254591095	0
TTGTGTTTCGAATGCT	8.27890556045896	2
TTGTTGTAGCGCTTCG	7.50127821196406	2
TTGTTTGCATCCTTGC	8.76635285487223	1
TTGTTTGGTTCTCGTC	4.8780487804878	0
TTTACCATCGTTCTAT	6.08856088560886	0
TTTACTGAGATCCAAA	9.16312833858376	5
TTTACTGAGCGCTTCG	7.43541654062557	1
TTTACTGTCTCTATAC	5.61762880198634	0
TTTAGTCAGGTCGTGA	5.67437800087298	0
TTTAGTCAGTAAACTG	6.94406172499311	0
TTTAGTCCAAATGCGG	9.03003034425029	1
TTTAGTCCAATTAGGA	4.38767550702028	5
TTTATGCAGATCCCAT	7.44101633393829	2
TTTATGCCAGATCACT	11.1614364283403	0
TTTATGCTCGTTCTAT	5.93175853018373	0
TTTCAGTTCTGTCTCG	5.52853852060404	0
TTTCATGAGCAAATGT	13.8907619689818	6
TTTCATGCATGAAGGC	8.57142857142857	1
TTTCATGTCCCAGGAC	10.6069200226886	0
TTTCCTCCATCGATAC	3.9572864321608	3
TTTCCTCTCTCACCCA	7.1977240398293	0
TTTCGATTCTCCATAT	2.66075388026608	0
TTTGACTAGTTATGGA	8.23186871360508	0
TTTGACTCAATAGGGC	8.01850424055513	0
TTTGATCAGACTACGG	5.45911375057104	0
TTTGATCAGAGGTCAC	4.7427652733119	0
TTTGATCAGTGCGACA	6.75277588941763	0
TTTGGAGAGTTTAGGA	8.90750744129644	1
TTTGGAGTCCGACATA	6.64652567975831	0
TTTGGTTCATGAGATA	8.11240721102863	1
TTTGTTGGTCGTCGGT	7.13726717796212	3
TTTGTTGTCTGGGAGA	3.22486074464966	0
